;sent:;received;sent_data;sent_timestamp;sent_packet;received_data;received_timestamp;received_packet;latency
0;20180516,23:32:12.763,sent packet '1';20180516,23:32:12.776,unicast message '1' received from 2D:C8;20180516;23:32:12.763;sent packet '1';20180516;23:32:12.776;unicast message '1' received from 2D:C8;13000000
1;20180516,23:32:13.759,sent packet '2';20180516,23:32:13.773,unicast message '2' received from 2D:C8;20180516;23:32:13.759;sent packet '2';20180516;23:32:13.773;unicast message '2' received from 2D:C8;14000000
2;20180516,23:32:14.755,sent packet '3';20180516,23:32:14.769,unicast message '3' received from 2D:C8;20180516;23:32:14.755;sent packet '3';20180516;23:32:14.769;unicast message '3' received from 2D:C8;14000000
3;20180516,23:32:15.752,sent packet '4';20180516,23:32:15.765,unicast message '4' received from 2D:C8;20180516;23:32:15.752;sent packet '4';20180516;23:32:15.765;unicast message '4' received from 2D:C8;13000000
4;20180516,23:32:16.749,sent packet '5';20180516,23:32:16.762,unicast message '5' received from 2D:C8;20180516;23:32:16.749;sent packet '5';20180516;23:32:16.762;unicast message '5' received from 2D:C8;13000000
5;20180516,23:32:17.745,sent packet '6';20180516,23:32:17.758,unicast message '6' received from 2D:C8;20180516;23:32:17.745;sent packet '6';20180516;23:32:17.758;unicast message '6' received from 2D:C8;13000000
6;20180516,23:32:18.741,sent packet '7';20180516,23:32:18.755,unicast message '7' received from 2D:C8;20180516;23:32:18.741;sent packet '7';20180516;23:32:18.755;unicast message '7' received from 2D:C8;14000000
7;20180516,23:32:19.738,sent packet '8';20180516,23:32:19.752,unicast message '8' received from 2D:C8;20180516;23:32:19.738;sent packet '8';20180516;23:32:19.752;unicast message '8' received from 2D:C8;14000000
8;20180516,23:32:20.735,sent packet '9';20180516,23:32:20.748,unicast message '9' received from 2D:C8;20180516;23:32:20.735;sent packet '9';20180516;23:32:20.748;unicast message '9' received from 2D:C8;13000000
9;20180516,23:32:21.731,sent packet '10';20180516,23:32:21.745,unicast message '10' received from 2D:C8;20180516;23:32:21.731;sent packet '10';20180516;23:32:21.745;unicast message '10' received from 2D:C8;14000000
10;20180516,23:32:22.728,sent packet '11';20180516,23:32:22.741,unicast message '11' received from 2D:C8;20180516;23:32:22.728;sent packet '11';20180516;23:32:22.741;unicast message '11' received from 2D:C8;13000000
11;20180516,23:32:23.724,sent packet '12';20180516,23:32:23.738,unicast message '12' received from 2D:C8;20180516;23:32:23.724;sent packet '12';20180516;23:32:23.738;unicast message '12' received from 2D:C8;14000000
12;20180516,23:32:24.721,sent packet '13';20180516,23:32:24.734,unicast message '13' received from 2D:C8;20180516;23:32:24.721;sent packet '13';20180516;23:32:24.734;unicast message '13' received from 2D:C8;13000000
13;20180516,23:32:25.717,sent packet '14';20180516,23:32:25.731,unicast message '14' received from 2D:C8;20180516;23:32:25.717;sent packet '14';20180516;23:32:25.731;unicast message '14' received from 2D:C8;14000000
14;20180516,23:32:26.713,sent packet '15';20180516,23:32:26.727,unicast message '15' received from 2D:C8;20180516;23:32:26.713;sent packet '15';20180516;23:32:26.727;unicast message '15' received from 2D:C8;14000000
15;20180516,23:32:27.710,sent packet '16';20180516,23:32:27.724,unicast message '16' received from 2D:C8;20180516;23:32:27.710;sent packet '16';20180516;23:32:27.724;unicast message '16' received from 2D:C8;14000000
16;20180516,23:32:28.707,sent packet '17';20180516,23:32:28.720,unicast message '17' received from 2D:C8;20180516;23:32:28.707;sent packet '17';20180516;23:32:28.720;unicast message '17' received from 2D:C8;13000000
17;20180516,23:32:29.703,sent packet '18';20180516,23:32:29.717,unicast message '18' received from 2D:C8;20180516;23:32:29.703;sent packet '18';20180516;23:32:29.717;unicast message '18' received from 2D:C8;14000000
18;20180516,23:32:30.699,sent packet '19';20180516,23:32:30.713,unicast message '19' received from 2D:C8;20180516;23:32:30.699;sent packet '19';20180516;23:32:30.713;unicast message '19' received from 2D:C8;14000000
19;20180516,23:32:31.696,sent packet '20';20180516,23:32:31.710,unicast message '20' received from 2D:C8;20180516;23:32:31.696;sent packet '20';20180516;23:32:31.710;unicast message '20' received from 2D:C8;14000000
20;20180516,23:32:32.693,sent packet '21';20180516,23:32:32.706,unicast message '21' received from 2D:C8;20180516;23:32:32.693;sent packet '21';20180516;23:32:32.706;unicast message '21' received from 2D:C8;13000000
21;20180516,23:32:33.690,sent packet '22';20180516,23:32:33.704,unicast message '22' received from 2D:C8;20180516;23:32:33.690;sent packet '22';20180516;23:32:33.704;unicast message '22' received from 2D:C8;14000000
22;20180516,23:32:34.686,sent packet '23';20180516,23:32:34.700,unicast message '23' received from 2D:C8;20180516;23:32:34.686;sent packet '23';20180516;23:32:34.700;unicast message '23' received from 2D:C8;14000000
23;20180516,23:32:35.683,sent packet '24';20180516,23:32:35.696,unicast message '24' received from 2D:C8;20180516;23:32:35.683;sent packet '24';20180516;23:32:35.696;unicast message '24' received from 2D:C8;13000000
24;20180516,23:32:36.679,sent packet '25';20180516,23:32:36.692,unicast message '25' received from 2D:C8;20180516;23:32:36.679;sent packet '25';20180516;23:32:36.692;unicast message '25' received from 2D:C8;13000000
25;20180516,23:32:37.675,sent packet '26';20180516,23:32:37.689,unicast message '26' received from 2D:C8;20180516;23:32:37.675;sent packet '26';20180516;23:32:37.689;unicast message '26' received from 2D:C8;14000000
26;20180516,23:32:38.672,sent packet '27';20180516,23:32:38.686,unicast message '27' received from 2D:C8;20180516;23:32:38.672;sent packet '27';20180516;23:32:38.686;unicast message '27' received from 2D:C8;14000000
27;20180516,23:32:39.669,sent packet '28';20180516,23:32:39.682,unicast message '28' received from 2D:C8;20180516;23:32:39.669;sent packet '28';20180516;23:32:39.682;unicast message '28' received from 2D:C8;13000000
28;20180516,23:32:40.665,sent packet '29';20180516,23:32:40.679,unicast message '29' received from 2D:C8;20180516;23:32:40.665;sent packet '29';20180516;23:32:40.679;unicast message '29' received from 2D:C8;14000000
29;20180516,23:32:41.661,sent packet '30';20180516,23:32:41.675,unicast message '30' received from 2D:C8;20180516;23:32:41.661;sent packet '30';20180516;23:32:41.675;unicast message '30' received from 2D:C8;14000000
30;20180516,23:32:42.659,sent packet '31';20180516,23:32:42.672,unicast message '31' received from 2D:C8;20180516;23:32:42.659;sent packet '31';20180516;23:32:42.672;unicast message '31' received from 2D:C8;13000000
31;20180516,23:32:43.654,sent packet '32';20180516,23:32:43.668,unicast message '32' received from 2D:C8;20180516;23:32:43.654;sent packet '32';20180516;23:32:43.668;unicast message '32' received from 2D:C8;14000000
32;20180516,23:32:44.651,sent packet '33';20180516,23:32:44.665,unicast message '33' received from 2D:C8;20180516;23:32:44.651;sent packet '33';20180516;23:32:44.665;unicast message '33' received from 2D:C8;14000000
33;20180516,23:32:45.648,sent packet '34';20180516,23:32:45.661,unicast message '34' received from 2D:C8;20180516;23:32:45.648;sent packet '34';20180516;23:32:45.661;unicast message '34' received from 2D:C8;13000000
34;20180516,23:32:46.644,sent packet '35';20180516,23:32:46.658,unicast message '35' received from 2D:C8;20180516;23:32:46.644;sent packet '35';20180516;23:32:46.658;unicast message '35' received from 2D:C8;14000000
35;20180516,23:32:47.641,sent packet '36';20180516,23:32:47.655,unicast message '36' received from 2D:C8;20180516;23:32:47.641;sent packet '36';20180516;23:32:47.655;unicast message '36' received from 2D:C8;14000000
36;20180516,23:32:48.637,sent packet '37';20180516,23:32:48.651,unicast message '37' received from 2D:C8;20180516;23:32:48.637;sent packet '37';20180516;23:32:48.651;unicast message '37' received from 2D:C8;14000000
37;20180516,23:32:49.633,sent packet '38';20180516,23:32:49.647,unicast message '38' received from 2D:C8;20180516;23:32:49.633;sent packet '38';20180516;23:32:49.647;unicast message '38' received from 2D:C8;14000000
38;20180516,23:32:50.631,sent packet '39';20180516,23:32:50.644,unicast message '39' received from 2D:C8;20180516;23:32:50.631;sent packet '39';20180516;23:32:50.644;unicast message '39' received from 2D:C8;13000000
39;20180516,23:32:51.627,sent packet '40';20180516,23:32:51.641,unicast message '40' received from 2D:C8;20180516;23:32:51.627;sent packet '40';20180516;23:32:51.641;unicast message '40' received from 2D:C8;14000000
40;20180516,23:32:52.623,sent packet '41';20180516,23:32:52.637,unicast message '41' received from 2D:C8;20180516;23:32:52.623;sent packet '41';20180516;23:32:52.637;unicast message '41' received from 2D:C8;14000000
41;20180516,23:32:53.620,sent packet '42';20180516,23:32:53.633,unicast message '42' received from 2D:C8;20180516;23:32:53.620;sent packet '42';20180516;23:32:53.633;unicast message '42' received from 2D:C8;13000000
42;20180516,23:32:54.616,sent packet '43';20180516,23:32:54.630,unicast message '43' received from 2D:C8;20180516;23:32:54.616;sent packet '43';20180516;23:32:54.630;unicast message '43' received from 2D:C8;14000000
43;20180516,23:32:55.613,sent packet '44';20180516,23:32:55.626,unicast message '44' received from 2D:C8;20180516;23:32:55.613;sent packet '44';20180516;23:32:55.626;unicast message '44' received from 2D:C8;13000000
44;20180516,23:32:56.609,sent packet '45';20180516,23:32:56.623,unicast message '45' received from 2D:C8;20180516;23:32:56.609;sent packet '45';20180516;23:32:56.623;unicast message '45' received from 2D:C8;14000000
45;20180516,23:32:57.606,sent packet '46';20180516,23:32:57.620,unicast message '46' received from 2D:C8;20180516;23:32:57.606;sent packet '46';20180516;23:32:57.620;unicast message '46' received from 2D:C8;14000000
46;20180516,23:32:58.602,sent packet '47';20180516,23:32:58.616,unicast message '47' received from 2D:C8;20180516;23:32:58.602;sent packet '47';20180516;23:32:58.616;unicast message '47' received from 2D:C8;14000000
47;20180516,23:32:59.599,sent packet '48';20180516,23:32:59.612,unicast message '48' received from 2D:C8;20180516;23:32:59.599;sent packet '48';20180516;23:32:59.612;unicast message '48' received from 2D:C8;13000000
48;20180516,23:33:00.596,sent packet '49';20180516,23:33:00.609,unicast message '49' received from 2D:C8;20180516;23:33:00.596;sent packet '49';20180516;23:33:00.609;unicast message '49' received from 2D:C8;13000000
49;20180516,23:33:01.591,sent packet '50';20180516,23:33:01.606,unicast message '50' received from 2D:C8;20180516;23:33:01.591;sent packet '50';20180516;23:33:01.606;unicast message '50' received from 2D:C8;15000000
50;20180516,23:33:02.588,sent packet '51';20180516,23:33:02.602,unicast message '51' received from 2D:C8;20180516;23:33:02.588;sent packet '51';20180516;23:33:02.602;unicast message '51' received from 2D:C8;14000000
51;20180516,23:33:03.585,sent packet '52';20180516,23:33:03.599,unicast message '52' received from 2D:C8;20180516;23:33:03.585;sent packet '52';20180516;23:33:03.599;unicast message '52' received from 2D:C8;14000000
52;20180516,23:33:04.581,sent packet '53';20180516,23:33:04.595,unicast message '53' received from 2D:C8;20180516;23:33:04.581;sent packet '53';20180516;23:33:04.595;unicast message '53' received from 2D:C8;14000000
53;20180516,23:33:05.578,sent packet '54';20180516,23:33:05.592,unicast message '54' received from 2D:C8;20180516;23:33:05.578;sent packet '54';20180516;23:33:05.592;unicast message '54' received from 2D:C8;14000000
54;20180516,23:33:06.576,sent packet '55';20180516,23:33:06.589,unicast message '55' received from 2D:C8;20180516;23:33:06.576;sent packet '55';20180516;23:33:06.589;unicast message '55' received from 2D:C8;13000000
55;20180516,23:33:07.571,sent packet '56';20180516,23:33:07.585,unicast message '56' received from 2D:C8;20180516;23:33:07.571;sent packet '56';20180516;23:33:07.585;unicast message '56' received from 2D:C8;14000000
56;20180516,23:33:08.568,sent packet '57';20180516,23:33:08.582,unicast message '57' received from 2D:C8;20180516;23:33:08.568;sent packet '57';20180516;23:33:08.582;unicast message '57' received from 2D:C8;14000000
57;20180516,23:33:09.564,sent packet '58';20180516,23:33:09.578,unicast message '58' received from 2D:C8;20180516;23:33:09.564;sent packet '58';20180516;23:33:09.578;unicast message '58' received from 2D:C8;14000000
58;20180516,23:33:10.560,sent packet '59';20180516,23:33:10.574,unicast message '59' received from 2D:C8;20180516;23:33:10.560;sent packet '59';20180516;23:33:10.574;unicast message '59' received from 2D:C8;14000000
59;20180516,23:33:11.557,sent packet '60';20180516,23:33:11.571,unicast message '60' received from 2D:C8;20180516;23:33:11.557;sent packet '60';20180516;23:33:11.571;unicast message '60' received from 2D:C8;14000000
60;20180516,23:33:12.553,sent packet '61';20180516,23:33:12.567,unicast message '61' received from 2D:C8;20180516;23:33:12.553;sent packet '61';20180516;23:33:12.567;unicast message '61' received from 2D:C8;14000000
61;20180516,23:33:13.550,sent packet '62';20180516,23:33:13.564,unicast message '62' received from 2D:C8;20180516;23:33:13.550;sent packet '62';20180516;23:33:13.564;unicast message '62' received from 2D:C8;14000000
62;20180516,23:33:14.547,sent packet '63';20180516,23:33:14.560,unicast message '63' received from 2D:C8;20180516;23:33:14.547;sent packet '63';20180516;23:33:14.560;unicast message '63' received from 2D:C8;13000000
63;20180516,23:33:15.543,sent packet '64';20180516,23:33:15.557,unicast message '64' received from 2D:C8;20180516;23:33:15.543;sent packet '64';20180516;23:33:15.557;unicast message '64' received from 2D:C8;14000000
64;20180516,23:33:16.540,sent packet '65';20180516,23:33:16.553,unicast message '65' received from 2D:C8;20180516;23:33:16.540;sent packet '65';20180516;23:33:16.553;unicast message '65' received from 2D:C8;13000000
65;20180516,23:33:17.536,sent packet '66';20180516,23:33:17.550,unicast message '66' received from 2D:C8;20180516;23:33:17.536;sent packet '66';20180516;23:33:17.550;unicast message '66' received from 2D:C8;14000000
66;20180516,23:33:18.533,sent packet '67';20180516,23:33:18.547,unicast message '67' received from 2D:C8;20180516;23:33:18.533;sent packet '67';20180516;23:33:18.547;unicast message '67' received from 2D:C8;14000000
67;20180516,23:33:19.529,sent packet '68';20180516,23:33:19.543,unicast message '68' received from 2D:C8;20180516;23:33:19.529;sent packet '68';20180516;23:33:19.543;unicast message '68' received from 2D:C8;14000000
68;20180516,23:33:20.526,sent packet '69';20180516,23:33:20.540,unicast message '69' received from 2D:C8;20180516;23:33:20.526;sent packet '69';20180516;23:33:20.540;unicast message '69' received from 2D:C8;14000000
69;20180516,23:33:21.522,sent packet '70';20180516,23:33:21.536,unicast message '70' received from 2D:C8;20180516;23:33:21.522;sent packet '70';20180516;23:33:21.536;unicast message '70' received from 2D:C8;14000000
70;20180516,23:33:22.519,sent packet '71';20180516,23:33:22.534,unicast message '71' received from 2D:C8;20180516;23:33:22.519;sent packet '71';20180516;23:33:22.534;unicast message '71' received from 2D:C8;15000000
71;20180516,23:33:23.515,sent packet '72';20180516,23:33:23.529,unicast message '72' received from 2D:C8;20180516;23:33:23.515;sent packet '72';20180516;23:33:23.529;unicast message '72' received from 2D:C8;14000000
72;20180516,23:33:24.512,sent packet '73';20180516,23:33:24.526,unicast message '73' received from 2D:C8;20180516;23:33:24.512;sent packet '73';20180516;23:33:24.526;unicast message '73' received from 2D:C8;14000000
73;20180516,23:33:25.508,sent packet '74';20180516,23:33:25.522,unicast message '74' received from 2D:C8;20180516;23:33:25.508;sent packet '74';20180516;23:33:25.522;unicast message '74' received from 2D:C8;14000000
74;20180516,23:33:26.505,sent packet '75';20180516,23:33:26.519,unicast message '75' received from 2D:C8;20180516;23:33:26.505;sent packet '75';20180516;23:33:26.519;unicast message '75' received from 2D:C8;14000000
75;20180516,23:33:27.502,sent packet '76';20180516,23:33:27.515,unicast message '76' received from 2D:C8;20180516;23:33:27.502;sent packet '76';20180516;23:33:27.515;unicast message '76' received from 2D:C8;13000000
76;20180516,23:33:28.498,sent packet '77';20180516,23:33:28.512,unicast message '77' received from 2D:C8;20180516;23:33:28.498;sent packet '77';20180516;23:33:28.512;unicast message '77' received from 2D:C8;14000000
77;20180516,23:33:29.495,sent packet '78';20180516,23:33:29.509,unicast message '78' received from 2D:C8;20180516;23:33:29.495;sent packet '78';20180516;23:33:29.509;unicast message '78' received from 2D:C8;14000000
78;20180516,23:33:30.491,sent packet '79';20180516,23:33:30.505,unicast message '79' received from 2D:C8;20180516;23:33:30.491;sent packet '79';20180516;23:33:30.505;unicast message '79' received from 2D:C8;14000000
79;20180516,23:33:31.488,sent packet '80';20180516,23:33:31.502,unicast message '80' received from 2D:C8;20180516;23:33:31.488;sent packet '80';20180516;23:33:31.502;unicast message '80' received from 2D:C8;14000000
80;20180516,23:33:32.484,sent packet '81';20180516,23:33:32.498,unicast message '81' received from 2D:C8;20180516;23:33:32.484;sent packet '81';20180516;23:33:32.498;unicast message '81' received from 2D:C8;14000000
81;20180516,23:33:33.481,sent packet '82';20180516,23:33:33.494,unicast message '82' received from 2D:C8;20180516;23:33:33.481;sent packet '82';20180516;23:33:33.494;unicast message '82' received from 2D:C8;13000000
82;20180516,23:33:34.478,sent packet '83';20180516,23:33:34.491,unicast message '83' received from 2D:C8;20180516;23:33:34.478;sent packet '83';20180516;23:33:34.491;unicast message '83' received from 2D:C8;13000000
83;20180516,23:33:35.474,sent packet '84';20180516,23:33:35.487,unicast message '84' received from 2D:C8;20180516;23:33:35.474;sent packet '84';20180516;23:33:35.487;unicast message '84' received from 2D:C8;13000000
84;20180516,23:33:36.470,sent packet '85';20180516,23:33:36.484,unicast message '85' received from 2D:C8;20180516;23:33:36.470;sent packet '85';20180516;23:33:36.484;unicast message '85' received from 2D:C8;14000000
85;20180516,23:33:37.467,sent packet '86';20180516,23:33:37.480,unicast message '86' received from 2D:C8;20180516;23:33:37.467;sent packet '86';20180516;23:33:37.480;unicast message '86' received from 2D:C8;13000000
86;20180516,23:33:38.463,sent packet '87';20180516,23:33:38.477,unicast message '87' received from 2D:C8;20180516;23:33:38.463;sent packet '87';20180516;23:33:38.477;unicast message '87' received from 2D:C8;14000000
87;20180516,23:33:39.460,sent packet '88';20180516,23:33:39.474,unicast message '88' received from 2D:C8;20180516;23:33:39.460;sent packet '88';20180516;23:33:39.474;unicast message '88' received from 2D:C8;14000000
88;20180516,23:33:40.456,sent packet '89';20180516,23:33:40.470,unicast message '89' received from 2D:C8;20180516;23:33:40.456;sent packet '89';20180516;23:33:40.470;unicast message '89' received from 2D:C8;14000000
89;20180516,23:33:41.453,sent packet '90';20180516,23:33:41.467,unicast message '90' received from 2D:C8;20180516;23:33:41.453;sent packet '90';20180516;23:33:41.467;unicast message '90' received from 2D:C8;14000000
90;20180516,23:33:42.449,sent packet '91';20180516,23:33:42.463,unicast message '91' received from 2D:C8;20180516;23:33:42.449;sent packet '91';20180516;23:33:42.463;unicast message '91' received from 2D:C8;14000000
91;20180516,23:33:43.446,sent packet '92';20180516,23:33:43.460,unicast message '92' received from 2D:C8;20180516;23:33:43.446;sent packet '92';20180516;23:33:43.460;unicast message '92' received from 2D:C8;14000000
92;20180516,23:33:44.442,sent packet '93';20180516,23:33:44.456,unicast message '93' received from 2D:C8;20180516;23:33:44.442;sent packet '93';20180516;23:33:44.456;unicast message '93' received from 2D:C8;14000000
93;20180516,23:33:45.439,sent packet '94';20180516,23:33:45.452,unicast message '94' received from 2D:C8;20180516;23:33:45.439;sent packet '94';20180516;23:33:45.452;unicast message '94' received from 2D:C8;13000000
94;20180516,23:33:46.435,sent packet '95';20180516,23:33:46.449,unicast message '95' received from 2D:C8;20180516;23:33:46.435;sent packet '95';20180516;23:33:46.449;unicast message '95' received from 2D:C8;14000000
95;20180516,23:33:47.432,sent packet '96';20180516,23:33:47.446,unicast message '96' received from 2D:C8;20180516;23:33:47.432;sent packet '96';20180516;23:33:47.446;unicast message '96' received from 2D:C8;14000000
96;20180516,23:33:48.429,sent packet '97';20180516,23:33:48.443,unicast message '97' received from 2D:C8;20180516;23:33:48.429;sent packet '97';20180516;23:33:48.443;unicast message '97' received from 2D:C8;14000000
97;20180516,23:33:49.425,sent packet '98';20180516,23:33:49.439,unicast message '98' received from 2D:C8;20180516;23:33:49.425;sent packet '98';20180516;23:33:49.439;unicast message '98' received from 2D:C8;14000000
98;20180516,23:33:50.421,sent packet '99';20180516,23:33:50.435,unicast message '99' received from 2D:C8;20180516;23:33:50.421;sent packet '99';20180516;23:33:50.435;unicast message '99' received from 2D:C8;14000000
99;20180516,23:33:51.419,sent packet '100';20180516,23:33:51.432,unicast message '100' received from 2D:C8;20180516;23:33:51.419;sent packet '100';20180516;23:33:51.432;unicast message '100' received from 2D:C8;13000000
100;20180516,23:33:52.415,sent packet '101';20180516,23:33:52.429,unicast message '101' received from 2D:C8;20180516;23:33:52.415;sent packet '101';20180516;23:33:52.429;unicast message '101' received from 2D:C8;14000000
101;20180516,23:33:53.411,sent packet '102';20180516,23:33:53.425,unicast message '102' received from 2D:C8;20180516;23:33:53.411;sent packet '102';20180516;23:33:53.425;unicast message '102' received from 2D:C8;14000000
102;20180516,23:33:54.408,sent packet '103';20180516,23:33:54.421,unicast message '103' received from 2D:C8;20180516;23:33:54.408;sent packet '103';20180516;23:33:54.421;unicast message '103' received from 2D:C8;13000000
103;20180516,23:33:55.404,sent packet '104';20180516,23:33:55.418,unicast message '104' received from 2D:C8;20180516;23:33:55.404;sent packet '104';20180516;23:33:55.418;unicast message '104' received from 2D:C8;14000000
104;20180516,23:33:56.401,sent packet '105';20180516,23:33:56.415,unicast message '105' received from 2D:C8;20180516;23:33:56.401;sent packet '105';20180516;23:33:56.415;unicast message '105' received from 2D:C8;14000000
105;20180516,23:33:57.397,sent packet '106';20180516,23:33:57.411,unicast message '106' received from 2D:C8;20180516;23:33:57.397;sent packet '106';20180516;23:33:57.411;unicast message '106' received from 2D:C8;14000000
106;20180516,23:33:58.394,sent packet '107';20180516,23:33:58.408,unicast message '107' received from 2D:C8;20180516;23:33:58.394;sent packet '107';20180516;23:33:58.408;unicast message '107' received from 2D:C8;14000000
107;20180516,23:33:59.390,sent packet '108';20180516,23:33:59.404,unicast message '108' received from 2D:C8;20180516;23:33:59.390;sent packet '108';20180516;23:33:59.404;unicast message '108' received from 2D:C8;14000000
108;20180516,23:34:00.387,sent packet '109';20180516,23:34:00.401,unicast message '109' received from 2D:C8;20180516;23:34:00.387;sent packet '109';20180516;23:34:00.401;unicast message '109' received from 2D:C8;14000000
109;20180516,23:34:01.384,sent packet '110';20180516,23:34:01.397,unicast message '110' received from 2D:C8;20180516;23:34:01.384;sent packet '110';20180516;23:34:01.397;unicast message '110' received from 2D:C8;13000000
110;20180516,23:34:02.380,sent packet '111';20180516,23:34:02.394,unicast message '111' received from 2D:C8;20180516;23:34:02.380;sent packet '111';20180516;23:34:02.394;unicast message '111' received from 2D:C8;14000000
111;20180516,23:34:03.376,sent packet '112';20180516,23:34:03.390,unicast message '112' received from 2D:C8;20180516;23:34:03.376;sent packet '112';20180516;23:34:03.390;unicast message '112' received from 2D:C8;14000000
112;20180516,23:34:04.373,sent packet '113';20180516,23:34:04.387,unicast message '113' received from 2D:C8;20180516;23:34:04.373;sent packet '113';20180516;23:34:04.387;unicast message '113' received from 2D:C8;14000000
113;20180516,23:34:05.369,sent packet '114';20180516,23:34:05.383,unicast message '114' received from 2D:C8;20180516;23:34:05.369;sent packet '114';20180516;23:34:05.383;unicast message '114' received from 2D:C8;14000000
114;20180516,23:34:06.366,sent packet '115';20180516,23:34:06.380,unicast message '115' received from 2D:C8;20180516;23:34:06.366;sent packet '115';20180516;23:34:06.380;unicast message '115' received from 2D:C8;14000000
115;20180516,23:34:07.362,sent packet '116';20180516,23:34:07.376,unicast message '116' received from 2D:C8;20180516;23:34:07.362;sent packet '116';20180516;23:34:07.376;unicast message '116' received from 2D:C8;14000000
116;20180516,23:34:08.359,sent packet '117';20180516,23:34:08.373,unicast message '117' received from 2D:C8;20180516;23:34:08.359;sent packet '117';20180516;23:34:08.373;unicast message '117' received from 2D:C8;14000000
117;20180516,23:34:09.356,sent packet '118';20180516,23:34:09.370,unicast message '118' received from 2D:C8;20180516;23:34:09.356;sent packet '118';20180516;23:34:09.370;unicast message '118' received from 2D:C8;14000000
118;20180516,23:34:10.352,sent packet '119';20180516,23:34:10.366,unicast message '119' received from 2D:C8;20180516;23:34:10.352;sent packet '119';20180516;23:34:10.366;unicast message '119' received from 2D:C8;14000000
119;20180516,23:34:11.349,sent packet '120';20180516,23:34:11.362,unicast message '120' received from 2D:C8;20180516;23:34:11.349;sent packet '120';20180516;23:34:11.362;unicast message '120' received from 2D:C8;13000000
120;20180516,23:34:12.346,sent packet '121';20180516,23:34:12.359,unicast message '121' received from 2D:C8;20180516;23:34:12.346;sent packet '121';20180516;23:34:12.359;unicast message '121' received from 2D:C8;13000000
121;20180516,23:34:13.341,sent packet '122';20180516,23:34:13.355,unicast message '122' received from 2D:C8;20180516;23:34:13.341;sent packet '122';20180516;23:34:13.355;unicast message '122' received from 2D:C8;14000000
122;20180516,23:34:14.338,sent packet '123';20180516,23:34:14.352,unicast message '123' received from 2D:C8;20180516;23:34:14.338;sent packet '123';20180516;23:34:14.352;unicast message '123' received from 2D:C8;14000000
123;20180516,23:34:15.335,sent packet '124';20180516,23:34:15.349,unicast message '124' received from 2D:C8;20180516;23:34:15.335;sent packet '124';20180516;23:34:15.349;unicast message '124' received from 2D:C8;14000000
124;20180516,23:34:16.331,sent packet '125';20180516,23:34:16.345,unicast message '125' received from 2D:C8;20180516;23:34:16.331;sent packet '125';20180516;23:34:16.345;unicast message '125' received from 2D:C8;14000000
125;20180516,23:34:17.328,sent packet '126';20180516,23:34:17.342,unicast message '126' received from 2D:C8;20180516;23:34:17.328;sent packet '126';20180516;23:34:17.342;unicast message '126' received from 2D:C8;14000000
126;20180516,23:34:18.325,sent packet '127';20180516,23:34:18.338,unicast message '127' received from 2D:C8;20180516;23:34:18.325;sent packet '127';20180516;23:34:18.338;unicast message '127' received from 2D:C8;13000000
127;20180516,23:34:19.321,sent packet '128';20180516,23:34:19.335,unicast message '128' received from 2D:C8;20180516;23:34:19.321;sent packet '128';20180516;23:34:19.335;unicast message '128' received from 2D:C8;14000000
128;20180516,23:34:20.317,sent packet '129';20180516,23:34:20.331,unicast message '129' received from 2D:C8;20180516;23:34:20.317;sent packet '129';20180516;23:34:20.331;unicast message '129' received from 2D:C8;14000000
129;20180516,23:34:21.314,sent packet '130';20180516,23:34:21.328,unicast message '130' received from 2D:C8;20180516;23:34:21.314;sent packet '130';20180516;23:34:21.328;unicast message '130' received from 2D:C8;14000000
130;20180516,23:34:22.310,sent packet '131';20180516,23:34:22.324,unicast message '131' received from 2D:C8;20180516;23:34:22.310;sent packet '131';20180516;23:34:22.324;unicast message '131' received from 2D:C8;14000000
131;20180516,23:34:23.307,sent packet '132';20180516,23:34:23.321,unicast message '132' received from 2D:C8;20180516;23:34:23.307;sent packet '132';20180516;23:34:23.321;unicast message '132' received from 2D:C8;14000000
132;20180516,23:34:24.303,sent packet '133';20180516,23:34:24.317,unicast message '133' received from 2D:C8;20180516;23:34:24.303;sent packet '133';20180516;23:34:24.317;unicast message '133' received from 2D:C8;14000000
133;20180516,23:34:25.299,sent packet '134';20180516,23:34:25.313,unicast message '134' received from 2D:C8;20180516;23:34:25.299;sent packet '134';20180516;23:34:25.313;unicast message '134' received from 2D:C8;14000000
134;20180516,23:34:26.296,sent packet '135';20180516,23:34:26.310,unicast message '135' received from 2D:C8;20180516;23:34:26.296;sent packet '135';20180516;23:34:26.310;unicast message '135' received from 2D:C8;14000000
135;20180516,23:34:27.293,sent packet '136';20180516,23:34:27.307,unicast message '136' received from 2D:C8;20180516;23:34:27.293;sent packet '136';20180516;23:34:27.307;unicast message '136' received from 2D:C8;14000000
136;20180516,23:34:28.290,sent packet '137';20180516,23:34:28.304,unicast message '137' received from 2D:C8;20180516;23:34:28.290;sent packet '137';20180516;23:34:28.304;unicast message '137' received from 2D:C8;14000000
137;20180516,23:34:29.286,sent packet '138';20180516,23:34:29.300,unicast message '138' received from 2D:C8;20180516;23:34:29.286;sent packet '138';20180516;23:34:29.300;unicast message '138' received from 2D:C8;14000000
138;20180516,23:34:30.283,sent packet '139';20180516,23:34:30.296,unicast message '139' received from 2D:C8;20180516;23:34:30.283;sent packet '139';20180516;23:34:30.296;unicast message '139' received from 2D:C8;13000000
139;20180516,23:34:31.279,sent packet '140';20180516,23:34:31.293,unicast message '140' received from 2D:C8;20180516;23:34:31.279;sent packet '140';20180516;23:34:31.293;unicast message '140' received from 2D:C8;14000000
140;20180516,23:34:32.276,sent packet '141';20180516,23:34:32.290,unicast message '141' received from 2D:C8;20180516;23:34:32.276;sent packet '141';20180516;23:34:32.290;unicast message '141' received from 2D:C8;14000000
141;20180516,23:34:33.272,sent packet '142';20180516,23:34:33.286,unicast message '142' received from 2D:C8;20180516;23:34:33.272;sent packet '142';20180516;23:34:33.286;unicast message '142' received from 2D:C8;14000000
142;20180516,23:34:34.268,sent packet '143';20180516,23:34:34.282,unicast message '143' received from 2D:C8;20180516;23:34:34.268;sent packet '143';20180516;23:34:34.282;unicast message '143' received from 2D:C8;14000000
143;20180516,23:34:35.265,sent packet '144';20180516,23:34:35.279,unicast message '144' received from 2D:C8;20180516;23:34:35.265;sent packet '144';20180516;23:34:35.279;unicast message '144' received from 2D:C8;14000000
144;20180516,23:34:36.261,sent packet '145';20180516,23:34:36.275,unicast message '145' received from 2D:C8;20180516;23:34:36.261;sent packet '145';20180516;23:34:36.275;unicast message '145' received from 2D:C8;14000000
145;20180516,23:34:37.258,sent packet '146';20180516,23:34:37.272,unicast message '146' received from 2D:C8;20180516;23:34:37.258;sent packet '146';20180516;23:34:37.272;unicast message '146' received from 2D:C8;14000000
146;20180516,23:34:38.255,sent packet '147';20180516,23:34:38.268,unicast message '147' received from 2D:C8;20180516;23:34:38.255;sent packet '147';20180516;23:34:38.268;unicast message '147' received from 2D:C8;13000000
147;20180516,23:34:39.251,sent packet '148';20180516,23:34:39.265,unicast message '148' received from 2D:C8;20180516;23:34:39.251;sent packet '148';20180516;23:34:39.265;unicast message '148' received from 2D:C8;14000000
148;20180516,23:34:40.248,sent packet '149';20180516,23:34:40.262,unicast message '149' received from 2D:C8;20180516;23:34:40.248;sent packet '149';20180516;23:34:40.262;unicast message '149' received from 2D:C8;14000000
149;20180516,23:34:41.244,sent packet '150';20180516,23:34:41.258,unicast message '150' received from 2D:C8;20180516;23:34:41.244;sent packet '150';20180516;23:34:41.258;unicast message '150' received from 2D:C8;14000000
150;20180516,23:34:42.241,sent packet '151';20180516,23:34:42.254,unicast message '151' received from 2D:C8;20180516;23:34:42.241;sent packet '151';20180516;23:34:42.254;unicast message '151' received from 2D:C8;13000000
151;20180516,23:34:43.237,sent packet '152';20180516,23:34:43.251,unicast message '152' received from 2D:C8;20180516;23:34:43.237;sent packet '152';20180516;23:34:43.251;unicast message '152' received from 2D:C8;14000000
152;20180516,23:34:44.234,sent packet '153';20180516,23:34:44.248,unicast message '153' received from 2D:C8;20180516;23:34:44.234;sent packet '153';20180516;23:34:44.248;unicast message '153' received from 2D:C8;14000000
153;20180516,23:34:45.230,sent packet '154';20180516,23:34:45.244,unicast message '154' received from 2D:C8;20180516;23:34:45.230;sent packet '154';20180516;23:34:45.244;unicast message '154' received from 2D:C8;14000000
154;20180516,23:34:46.227,sent packet '155';20180516,23:34:46.241,unicast message '155' received from 2D:C8;20180516;23:34:46.227;sent packet '155';20180516;23:34:46.241;unicast message '155' received from 2D:C8;14000000
155;20180516,23:34:47.223,sent packet '156';20180516,23:34:47.237,unicast message '156' received from 2D:C8;20180516;23:34:47.223;sent packet '156';20180516;23:34:47.237;unicast message '156' received from 2D:C8;14000000
156;20180516,23:34:48.220,sent packet '157';20180516,23:34:48.234,unicast message '157' received from 2D:C8;20180516;23:34:48.220;sent packet '157';20180516;23:34:48.234;unicast message '157' received from 2D:C8;14000000
157;20180516,23:34:49.216,sent packet '158';20180516,23:34:49.230,unicast message '158' received from 2D:C8;20180516;23:34:49.216;sent packet '158';20180516;23:34:49.230;unicast message '158' received from 2D:C8;14000000
158;20180516,23:34:50.213,sent packet '159';20180516,23:34:50.227,unicast message '159' received from 2D:C8;20180516;23:34:50.213;sent packet '159';20180516;23:34:50.227;unicast message '159' received from 2D:C8;14000000
159;20180516,23:34:51.209,sent packet '160';20180516,23:34:51.223,unicast message '160' received from 2D:C8;20180516;23:34:51.209;sent packet '160';20180516;23:34:51.223;unicast message '160' received from 2D:C8;14000000
160;20180516,23:34:52.206,sent packet '161';20180516,23:34:52.220,unicast message '161' received from 2D:C8;20180516;23:34:52.206;sent packet '161';20180516;23:34:52.220;unicast message '161' received from 2D:C8;14000000
161;20180516,23:34:53.202,sent packet '162';20180516,23:34:53.216,unicast message '162' received from 2D:C8;20180516;23:34:53.202;sent packet '162';20180516;23:34:53.216;unicast message '162' received from 2D:C8;14000000
162;20180516,23:34:54.199,sent packet '163';20180516,23:34:54.213,unicast message '163' received from 2D:C8;20180516;23:34:54.199;sent packet '163';20180516;23:34:54.213;unicast message '163' received from 2D:C8;14000000
163;20180516,23:34:55.196,sent packet '164';20180516,23:34:55.210,unicast message '164' received from 2D:C8;20180516;23:34:55.196;sent packet '164';20180516;23:34:55.210;unicast message '164' received from 2D:C8;14000000
164;20180516,23:34:56.192,sent packet '165';20180516,23:34:56.206,unicast message '165' received from 2D:C8;20180516;23:34:56.192;sent packet '165';20180516;23:34:56.206;unicast message '165' received from 2D:C8;14000000
165;20180516,23:34:57.188,sent packet '166';20180516,23:34:57.202,unicast message '166' received from 2D:C8;20180516;23:34:57.188;sent packet '166';20180516;23:34:57.202;unicast message '166' received from 2D:C8;14000000
166;20180516,23:34:58.185,sent packet '167';20180516,23:34:58.199,unicast message '167' received from 2D:C8;20180516;23:34:58.185;sent packet '167';20180516;23:34:58.199;unicast message '167' received from 2D:C8;14000000
167;20180516,23:34:59.181,sent packet '168';20180516,23:34:59.196,unicast message '168' received from 2D:C8;20180516;23:34:59.181;sent packet '168';20180516;23:34:59.196;unicast message '168' received from 2D:C8;15000000
168;20180516,23:35:00.178,sent packet '169';20180516,23:35:00.192,unicast message '169' received from 2D:C8;20180516;23:35:00.178;sent packet '169';20180516;23:35:00.192;unicast message '169' received from 2D:C8;14000000
169;20180516,23:35:01.175,sent packet '170';20180516,23:35:01.189,unicast message '170' received from 2D:C8;20180516;23:35:01.175;sent packet '170';20180516;23:35:01.189;unicast message '170' received from 2D:C8;14000000
170;20180516,23:35:02.171,sent packet '171';20180516,23:35:02.185,unicast message '171' received from 2D:C8;20180516;23:35:02.171;sent packet '171';20180516;23:35:02.185;unicast message '171' received from 2D:C8;14000000
171;20180516,23:35:03.168,sent packet '172';20180516,23:35:03.182,unicast message '172' received from 2D:C8;20180516;23:35:03.168;sent packet '172';20180516;23:35:03.182;unicast message '172' received from 2D:C8;14000000
172;20180516,23:35:04.164,sent packet '173';20180516,23:35:04.178,unicast message '173' received from 2D:C8;20180516;23:35:04.164;sent packet '173';20180516;23:35:04.178;unicast message '173' received from 2D:C8;14000000
173;20180516,23:35:05.161,sent packet '174';20180516,23:35:05.175,unicast message '174' received from 2D:C8;20180516;23:35:05.161;sent packet '174';20180516;23:35:05.175;unicast message '174' received from 2D:C8;14000000
174;20180516,23:35:06.157,sent packet '175';20180516,23:35:06.171,unicast message '175' received from 2D:C8;20180516;23:35:06.157;sent packet '175';20180516;23:35:06.171;unicast message '175' received from 2D:C8;14000000
175;20180516,23:35:07.154,sent packet '176';20180516,23:35:07.168,unicast message '176' received from 2D:C8;20180516;23:35:07.154;sent packet '176';20180516;23:35:07.168;unicast message '176' received from 2D:C8;14000000
176;20180516,23:35:08.150,sent packet '177';20180516,23:35:08.164,unicast message '177' received from 2D:C8;20180516;23:35:08.150;sent packet '177';20180516;23:35:08.164;unicast message '177' received from 2D:C8;14000000
177;20180516,23:35:09.146,sent packet '178';20180516,23:35:09.160,unicast message '178' received from 2D:C8;20180516;23:35:09.146;sent packet '178';20180516;23:35:09.160;unicast message '178' received from 2D:C8;14000000
178;20180516,23:35:10.143,sent packet '179';20180516,23:35:10.157,unicast message '179' received from 2D:C8;20180516;23:35:10.143;sent packet '179';20180516;23:35:10.157;unicast message '179' received from 2D:C8;14000000
179;20180516,23:35:11.140,sent packet '180';20180516,23:35:11.154,unicast message '180' received from 2D:C8;20180516;23:35:11.140;sent packet '180';20180516;23:35:11.154;unicast message '180' received from 2D:C8;14000000
180;20180516,23:35:12.137,sent packet '181';20180516,23:35:12.150,unicast message '181' received from 2D:C8;20180516;23:35:12.137;sent packet '181';20180516;23:35:12.150;unicast message '181' received from 2D:C8;13000000
181;20180516,23:35:13.133,sent packet '182';20180516,23:35:13.147,unicast message '182' received from 2D:C8;20180516;23:35:13.133;sent packet '182';20180516;23:35:13.147;unicast message '182' received from 2D:C8;14000000
182;20180516,23:35:14.129,sent packet '183';20180516,23:35:14.143,unicast message '183' received from 2D:C8;20180516;23:35:14.129;sent packet '183';20180516;23:35:14.143;unicast message '183' received from 2D:C8;14000000
183;20180516,23:35:15.126,sent packet '184';20180516,23:35:15.140,unicast message '184' received from 2D:C8;20180516;23:35:15.126;sent packet '184';20180516;23:35:15.140;unicast message '184' received from 2D:C8;14000000
184;20180516,23:35:16.122,sent packet '185';20180516,23:35:16.136,unicast message '185' received from 2D:C8;20180516;23:35:16.122;sent packet '185';20180516;23:35:16.136;unicast message '185' received from 2D:C8;14000000
185;20180516,23:35:17.119,sent packet '186';20180516,23:35:17.133,unicast message '186' received from 2D:C8;20180516;23:35:17.119;sent packet '186';20180516;23:35:17.133;unicast message '186' received from 2D:C8;14000000
186;20180516,23:35:18.116,sent packet '187';20180516,23:35:18.129,unicast message '187' received from 2D:C8;20180516;23:35:18.116;sent packet '187';20180516;23:35:18.129;unicast message '187' received from 2D:C8;13000000
187;20180516,23:35:19.112,sent packet '188';20180516,23:35:19.126,unicast message '188' received from 2D:C8;20180516;23:35:19.112;sent packet '188';20180516;23:35:19.126;unicast message '188' received from 2D:C8;14000000
188;20180516,23:35:20.109,sent packet '189';20180516,23:35:20.123,unicast message '189' received from 2D:C8;20180516;23:35:20.109;sent packet '189';20180516;23:35:20.123;unicast message '189' received from 2D:C8;14000000
189;20180516,23:35:21.105,sent packet '190';20180516,23:35:21.119,unicast message '190' received from 2D:C8;20180516;23:35:21.105;sent packet '190';20180516;23:35:21.119;unicast message '190' received from 2D:C8;14000000
190;20180516,23:35:22.102,sent packet '191';20180516,23:35:22.115,unicast message '191' received from 2D:C8;20180516;23:35:22.102;sent packet '191';20180516;23:35:22.115;unicast message '191' received from 2D:C8;13000000
191;20180516,23:35:23.098,sent packet '192';20180516,23:35:23.112,unicast message '192' received from 2D:C8;20180516;23:35:23.098;sent packet '192';20180516;23:35:23.112;unicast message '192' received from 2D:C8;14000000
192;20180516,23:35:24.095,sent packet '193';20180516,23:35:24.109,unicast message '193' received from 2D:C8;20180516;23:35:24.095;sent packet '193';20180516;23:35:24.109;unicast message '193' received from 2D:C8;14000000
193;20180516,23:35:25.092,sent packet '194';20180516,23:35:25.105,unicast message '194' received from 2D:C8;20180516;23:35:25.092;sent packet '194';20180516;23:35:25.105;unicast message '194' received from 2D:C8;13000000
194;20180516,23:35:26.088,sent packet '195';20180516,23:35:26.101,unicast message '195' received from 2D:C8;20180516;23:35:26.088;sent packet '195';20180516;23:35:26.101;unicast message '195' received from 2D:C8;13000000
195;20180516,23:35:27.085,sent packet '196';20180516,23:35:27.099,unicast message '196' received from 2D:C8;20180516;23:35:27.085;sent packet '196';20180516;23:35:27.099;unicast message '196' received from 2D:C8;14000000
196;20180516,23:35:28.080,sent packet '197';20180516,23:35:28.095,unicast message '197' received from 2D:C8;20180516;23:35:28.080;sent packet '197';20180516;23:35:28.095;unicast message '197' received from 2D:C8;15000000
197;20180516,23:35:29.077,sent packet '198';20180516,23:35:29.091,unicast message '198' received from 2D:C8;20180516;23:35:29.077;sent packet '198';20180516;23:35:29.091;unicast message '198' received from 2D:C8;14000000
198;20180516,23:35:30.073,sent packet '199';20180516,23:35:30.087,unicast message '199' received from 2D:C8;20180516;23:35:30.073;sent packet '199';20180516;23:35:30.087;unicast message '199' received from 2D:C8;14000000
199;20180516,23:35:31.070,sent packet '200';20180516,23:35:31.084,unicast message '200' received from 2D:C8;20180516;23:35:31.070;sent packet '200';20180516;23:35:31.084;unicast message '200' received from 2D:C8;14000000
200;20180516,23:35:32.067,sent packet '201';20180516,23:35:32.081,unicast message '201' received from 2D:C8;20180516;23:35:32.067;sent packet '201';20180516;23:35:32.081;unicast message '201' received from 2D:C8;14000000
201;20180516,23:35:33.064,sent packet '202';20180516,23:35:33.078,unicast message '202' received from 2D:C8;20180516;23:35:33.064;sent packet '202';20180516;23:35:33.078;unicast message '202' received from 2D:C8;14000000
202;20180516,23:35:34.060,sent packet '203';20180516,23:35:34.074,unicast message '203' received from 2D:C8;20180516;23:35:34.060;sent packet '203';20180516;23:35:34.074;unicast message '203' received from 2D:C8;14000000
203;20180516,23:35:35.056,sent packet '204';20180516,23:35:35.071,unicast message '204' received from 2D:C8;20180516;23:35:35.056;sent packet '204';20180516;23:35:35.071;unicast message '204' received from 2D:C8;15000000
204;20180516,23:35:36.053,sent packet '205';20180516,23:35:36.067,unicast message '205' received from 2D:C8;20180516;23:35:36.053;sent packet '205';20180516;23:35:36.067;unicast message '205' received from 2D:C8;14000000
205;20180516,23:35:37.050,sent packet '206';20180516,23:35:37.063,unicast message '206' received from 2D:C8;20180516;23:35:37.050;sent packet '206';20180516;23:35:37.063;unicast message '206' received from 2D:C8;13000000
206;20180516,23:35:38.046,sent packet '207';20180516,23:35:38.060,unicast message '207' received from 2D:C8;20180516;23:35:38.046;sent packet '207';20180516;23:35:38.060;unicast message '207' received from 2D:C8;14000000
207;20180516,23:35:39.042,sent packet '208';20180516,23:35:39.056,unicast message '208' received from 2D:C8;20180516;23:35:39.042;sent packet '208';20180516;23:35:39.056;unicast message '208' received from 2D:C8;14000000
208;20180516,23:35:40.039,sent packet '209';20180516,23:35:40.053,unicast message '209' received from 2D:C8;20180516;23:35:40.039;sent packet '209';20180516;23:35:40.053;unicast message '209' received from 2D:C8;14000000
209;20180516,23:35:41.035,sent packet '210';20180516,23:35:41.050,unicast message '210' received from 2D:C8;20180516;23:35:41.035;sent packet '210';20180516;23:35:41.050;unicast message '210' received from 2D:C8;15000000
210;20180516,23:35:42.032,sent packet '211';20180516,23:35:42.046,unicast message '211' received from 2D:C8;20180516;23:35:42.032;sent packet '211';20180516;23:35:42.046;unicast message '211' received from 2D:C8;14000000
211;20180516,23:35:43.028,sent packet '212';20180516,23:35:43.042,unicast message '212' received from 2D:C8;20180516;23:35:43.028;sent packet '212';20180516;23:35:43.042;unicast message '212' received from 2D:C8;14000000
212;20180516,23:35:44.025,sent packet '213';20180516,23:35:44.039,unicast message '213' received from 2D:C8;20180516;23:35:44.025;sent packet '213';20180516;23:35:44.039;unicast message '213' received from 2D:C8;14000000
213;20180516,23:35:45.022,sent packet '214';20180516,23:35:45.035,unicast message '214' received from 2D:C8;20180516;23:35:45.022;sent packet '214';20180516;23:35:45.035;unicast message '214' received from 2D:C8;13000000
214;20180516,23:35:46.018,sent packet '215';20180516,23:35:46.032,unicast message '215' received from 2D:C8;20180516;23:35:46.018;sent packet '215';20180516;23:35:46.032;unicast message '215' received from 2D:C8;14000000
215;20180516,23:35:47.015,sent packet '216';20180516,23:35:47.029,unicast message '216' received from 2D:C8;20180516;23:35:47.015;sent packet '216';20180516;23:35:47.029;unicast message '216' received from 2D:C8;14000000
216;20180516,23:35:48.012,sent packet '217';20180516,23:35:48.025,unicast message '217' received from 2D:C8;20180516;23:35:48.012;sent packet '217';20180516;23:35:48.025;unicast message '217' received from 2D:C8;13000000
217;20180516,23:35:49.008,sent packet '218';20180516,23:35:49.022,unicast message '218' received from 2D:C8;20180516;23:35:49.008;sent packet '218';20180516;23:35:49.022;unicast message '218' received from 2D:C8;14000000
218;20180516,23:35:50.004,sent packet '219';20180516,23:35:50.018,unicast message '219' received from 2D:C8;20180516;23:35:50.004;sent packet '219';20180516;23:35:50.018;unicast message '219' received from 2D:C8;14000000
219;20180516,23:35:51.001,sent packet '220';20180516,23:35:51.015,unicast message '220' received from 2D:C8;20180516;23:35:51.001;sent packet '220';20180516;23:35:51.015;unicast message '220' received from 2D:C8;14000000
220;20180516,23:35:51.997,sent packet '221';20180516,23:35:52.011,unicast message '221' received from 2D:C8;20180516;23:35:51.997;sent packet '221';20180516;23:35:52.011;unicast message '221' received from 2D:C8;14000000
221;20180516,23:35:52.994,sent packet '222';20180516,23:35:53.008,unicast message '222' received from 2D:C8;20180516;23:35:52.994;sent packet '222';20180516;23:35:53.008;unicast message '222' received from 2D:C8;14000000
222;20180516,23:35:53.990,sent packet '223';20180516,23:35:54.004,unicast message '223' received from 2D:C8;20180516;23:35:53.990;sent packet '223';20180516;23:35:54.004;unicast message '223' received from 2D:C8;14000000
223;20180516,23:35:54.987,sent packet '224';20180516,23:35:55.001,unicast message '224' received from 2D:C8;20180516;23:35:54.987;sent packet '224';20180516;23:35:55.001;unicast message '224' received from 2D:C8;14000000
224;20180516,23:35:55.983,sent packet '225';20180516,23:35:55.999,unicast message '225' received from 2D:C8;20180516;23:35:55.983;sent packet '225';20180516;23:35:55.999;unicast message '225' received from 2D:C8;16000000
225;20180516,23:35:56.980,sent packet '226';20180516,23:35:56.994,unicast message '226' received from 2D:C8;20180516;23:35:56.980;sent packet '226';20180516;23:35:56.994;unicast message '226' received from 2D:C8;14000000
226;20180516,23:35:57.977,sent packet '227';20180516,23:35:57.992,unicast message '227' received from 2D:C8;20180516;23:35:57.977;sent packet '227';20180516;23:35:57.992;unicast message '227' received from 2D:C8;15000000
227;20180516,23:35:58.973,sent packet '228';20180516,23:35:58.987,unicast message '228' received from 2D:C8;20180516;23:35:58.973;sent packet '228';20180516;23:35:58.987;unicast message '228' received from 2D:C8;14000000
228;20180516,23:35:59.969,sent packet '229';20180516,23:35:59.984,unicast message '229' received from 2D:C8;20180516;23:35:59.969;sent packet '229';20180516;23:35:59.984;unicast message '229' received from 2D:C8;15000000
229;20180516,23:36:00.966,sent packet '230';20180516,23:36:00.981,unicast message '230' received from 2D:C8;20180516;23:36:00.966;sent packet '230';20180516;23:36:00.981;unicast message '230' received from 2D:C8;15000000
230;20180516,23:36:01.963,sent packet '231';20180516,23:36:01.977,unicast message '231' received from 2D:C8;20180516;23:36:01.963;sent packet '231';20180516;23:36:01.977;unicast message '231' received from 2D:C8;14000000
231;20180516,23:36:02.960,sent packet '232';20180516,23:36:02.973,unicast message '232' received from 2D:C8;20180516;23:36:02.960;sent packet '232';20180516;23:36:02.973;unicast message '232' received from 2D:C8;13000000
232;20180516,23:36:03.956,sent packet '233';20180516,23:36:03.970,unicast message '233' received from 2D:C8;20180516;23:36:03.956;sent packet '233';20180516;23:36:03.970;unicast message '233' received from 2D:C8;14000000
233;20180516,23:36:04.952,sent packet '234';20180516,23:36:04.966,unicast message '234' received from 2D:C8;20180516;23:36:04.952;sent packet '234';20180516;23:36:04.966;unicast message '234' received from 2D:C8;14000000
234;20180516,23:36:05.949,sent packet '235';20180516,23:36:05.963,unicast message '235' received from 2D:C8;20180516;23:36:05.949;sent packet '235';20180516;23:36:05.963;unicast message '235' received from 2D:C8;14000000
235;20180516,23:36:06.945,sent packet '236';20180516,23:36:06.959,unicast message '236' received from 2D:C8;20180516;23:36:06.945;sent packet '236';20180516;23:36:06.959;unicast message '236' received from 2D:C8;14000000
236;20180516,23:36:07.942,sent packet '237';20180516,23:36:07.956,unicast message '237' received from 2D:C8;20180516;23:36:07.942;sent packet '237';20180516;23:36:07.956;unicast message '237' received from 2D:C8;14000000
237;20180516,23:36:08.938,sent packet '238';20180516,23:36:08.952,unicast message '238' received from 2D:C8;20180516;23:36:08.938;sent packet '238';20180516;23:36:08.952;unicast message '238' received from 2D:C8;14000000
238;20180516,23:36:09.935,sent packet '239';20180516,23:36:09.949,unicast message '239' received from 2D:C8;20180516;23:36:09.935;sent packet '239';20180516;23:36:09.949;unicast message '239' received from 2D:C8;14000000
239;20180516,23:36:10.931,sent packet '240';20180516,23:36:10.945,unicast message '240' received from 2D:C8;20180516;23:36:10.931;sent packet '240';20180516;23:36:10.945;unicast message '240' received from 2D:C8;14000000
240;20180516,23:36:11.928,sent packet '241';20180516,23:36:11.942,unicast message '241' received from 2D:C8;20180516;23:36:11.928;sent packet '241';20180516;23:36:11.942;unicast message '241' received from 2D:C8;14000000
241;20180516,23:36:12.925,sent packet '242';20180516,23:36:12.938,unicast message '242' received from 2D:C8;20180516;23:36:12.925;sent packet '242';20180516;23:36:12.938;unicast message '242' received from 2D:C8;13000000
242;20180516,23:36:13.921,sent packet '243';20180516,23:36:13.935,unicast message '243' received from 2D:C8;20180516;23:36:13.921;sent packet '243';20180516;23:36:13.935;unicast message '243' received from 2D:C8;14000000
243;20180516,23:36:14.917,sent packet '244';20180516,23:36:14.931,unicast message '244' received from 2D:C8;20180516;23:36:14.917;sent packet '244';20180516;23:36:14.931;unicast message '244' received from 2D:C8;14000000
244;20180516,23:36:15.914,sent packet '245';20180516,23:36:15.928,unicast message '245' received from 2D:C8;20180516;23:36:15.914;sent packet '245';20180516;23:36:15.928;unicast message '245' received from 2D:C8;14000000
245;20180516,23:36:16.910,sent packet '246';20180516,23:36:16.924,unicast message '246' received from 2D:C8;20180516;23:36:16.910;sent packet '246';20180516;23:36:16.924;unicast message '246' received from 2D:C8;14000000
246;20180516,23:36:17.907,sent packet '247';20180516,23:36:17.921,unicast message '247' received from 2D:C8;20180516;23:36:17.907;sent packet '247';20180516;23:36:17.921;unicast message '247' received from 2D:C8;14000000
247;20180516,23:36:18.904,sent packet '248';20180516,23:36:18.918,unicast message '248' received from 2D:C8;20180516;23:36:18.904;sent packet '248';20180516;23:36:18.918;unicast message '248' received from 2D:C8;14000000
248;20180516,23:36:19.900,sent packet '249';20180516,23:36:19.914,unicast message '249' received from 2D:C8;20180516;23:36:19.900;sent packet '249';20180516;23:36:19.914;unicast message '249' received from 2D:C8;14000000
249;20180516,23:36:20.897,sent packet '250';20180516,23:36:20.911,unicast message '250' received from 2D:C8;20180516;23:36:20.897;sent packet '250';20180516;23:36:20.911;unicast message '250' received from 2D:C8;14000000
250;20180516,23:36:21.893,sent packet '251';20180516,23:36:21.907,unicast message '251' received from 2D:C8;20180516;23:36:21.893;sent packet '251';20180516;23:36:21.907;unicast message '251' received from 2D:C8;14000000
251;20180516,23:36:22.889,sent packet '252';20180516,23:36:22.903,unicast message '252' received from 2D:C8;20180516;23:36:22.889;sent packet '252';20180516;23:36:22.903;unicast message '252' received from 2D:C8;14000000
252;20180516,23:36:23.886,sent packet '253';20180516,23:36:23.900,unicast message '253' received from 2D:C8;20180516;23:36:23.886;sent packet '253';20180516;23:36:23.900;unicast message '253' received from 2D:C8;14000000
253;20180516,23:36:24.883,sent packet '254';20180516,23:36:24.897,unicast message '254' received from 2D:C8;20180516;23:36:24.883;sent packet '254';20180516;23:36:24.897;unicast message '254' received from 2D:C8;14000000
254;20180516,23:36:25.879,sent packet '255';20180516,23:36:25.893,unicast message '255' received from 2D:C8;20180516;23:36:25.879;sent packet '255';20180516;23:36:25.893;unicast message '255' received from 2D:C8;14000000
255;20180516,23:36:26.876,sent packet '256';20180516,23:36:26.889,unicast message '0' received from 2D:C8;20180516;23:36:26.876;sent packet '256';20180516;23:36:26.889;unicast message '0' received from 2D:C8;13000000
256;20180516,23:36:27.872,sent packet '257';20180516,23:36:27.886,unicast message '1' received from 2D:C8;20180516;23:36:27.872;sent packet '257';20180516;23:36:27.886;unicast message '1' received from 2D:C8;14000000
257;20180516,23:36:28.869,sent packet '258';20180516,23:36:28.882,unicast message '2' received from 2D:C8;20180516;23:36:28.869;sent packet '258';20180516;23:36:28.882;unicast message '2' received from 2D:C8;13000000
258;20180516,23:36:29.865,sent packet '259';20180516,23:36:29.879,unicast message '3' received from 2D:C8;20180516;23:36:29.865;sent packet '259';20180516;23:36:29.879;unicast message '3' received from 2D:C8;14000000
259;20180516,23:36:30.862,sent packet '260';20180516,23:36:30.876,unicast message '4' received from 2D:C8;20180516;23:36:30.862;sent packet '260';20180516;23:36:30.876;unicast message '4' received from 2D:C8;14000000
260;20180516,23:36:31.858,sent packet '261';20180516,23:36:31.872,unicast message '5' received from 2D:C8;20180516;23:36:31.858;sent packet '261';20180516;23:36:31.872;unicast message '5' received from 2D:C8;14000000
261;20180516,23:36:32.854,sent packet '262';20180516,23:36:32.868,unicast message '6' received from 2D:C8;20180516;23:36:32.854;sent packet '262';20180516;23:36:32.868;unicast message '6' received from 2D:C8;14000000
262;20180516,23:36:33.851,sent packet '263';20180516,23:36:33.865,unicast message '7' received from 2D:C8;20180516;23:36:33.851;sent packet '263';20180516;23:36:33.865;unicast message '7' received from 2D:C8;14000000
263;20180516,23:36:34.848,sent packet '264';20180516,23:36:34.861,unicast message '8' received from 2D:C8;20180516;23:36:34.848;sent packet '264';20180516;23:36:34.861;unicast message '8' received from 2D:C8;13000000
264;20180516,23:36:35.844,sent packet '265';20180516,23:36:35.858,unicast message '9' received from 2D:C8;20180516;23:36:35.844;sent packet '265';20180516;23:36:35.858;unicast message '9' received from 2D:C8;14000000
265;20180516,23:36:36.841,sent packet '266';20180516,23:36:36.855,unicast message '10' received from 2D:C8;20180516;23:36:36.841;sent packet '266';20180516;23:36:36.855;unicast message '10' received from 2D:C8;14000000
266;20180516,23:36:37.837,sent packet '267';20180516,23:36:37.852,unicast message '11' received from 2D:C8;20180516;23:36:37.837;sent packet '267';20180516;23:36:37.852;unicast message '11' received from 2D:C8;15000000
267;20180516,23:36:38.834,sent packet '268';20180516,23:36:38.848,unicast message '12' received from 2D:C8;20180516;23:36:38.834;sent packet '268';20180516;23:36:38.848;unicast message '12' received from 2D:C8;14000000
268;20180516,23:36:39.831,sent packet '269';20180516,23:36:39.845,unicast message '13' received from 2D:C8;20180516;23:36:39.831;sent packet '269';20180516;23:36:39.845;unicast message '13' received from 2D:C8;14000000
269;20180516,23:36:40.827,sent packet '270';20180516,23:36:40.841,unicast message '14' received from 2D:C8;20180516;23:36:40.827;sent packet '270';20180516;23:36:40.841;unicast message '14' received from 2D:C8;14000000
270;20180516,23:36:41.824,sent packet '271';20180516,23:36:41.837,unicast message '15' received from 2D:C8;20180516;23:36:41.824;sent packet '271';20180516;23:36:41.837;unicast message '15' received from 2D:C8;13000000
271;20180516,23:36:42.820,sent packet '272';20180516,23:36:42.834,unicast message '16' received from 2D:C8;20180516;23:36:42.820;sent packet '272';20180516;23:36:42.834;unicast message '16' received from 2D:C8;14000000
272;20180516,23:36:43.817,sent packet '273';20180516,23:36:43.830,unicast message '17' received from 2D:C8;20180516;23:36:43.817;sent packet '273';20180516;23:36:43.830;unicast message '17' received from 2D:C8;13000000
273;20180516,23:36:44.813,sent packet '274';20180516,23:36:44.827,unicast message '18' received from 2D:C8;20180516;23:36:44.813;sent packet '274';20180516;23:36:44.827;unicast message '18' received from 2D:C8;14000000
274;20180516,23:36:45.809,sent packet '275';20180516,23:36:45.823,unicast message '19' received from 2D:C8;20180516;23:36:45.809;sent packet '275';20180516;23:36:45.823;unicast message '19' received from 2D:C8;14000000
275;20180516,23:36:46.806,sent packet '276';20180516,23:36:46.820,unicast message '20' received from 2D:C8;20180516;23:36:46.806;sent packet '276';20180516;23:36:46.820;unicast message '20' received from 2D:C8;14000000
276;20180516,23:36:47.802,sent packet '277';20180516,23:36:47.817,unicast message '21' received from 2D:C8;20180516;23:36:47.802;sent packet '277';20180516;23:36:47.817;unicast message '21' received from 2D:C8;15000000
277;20180516,23:36:48.799,sent packet '278';20180516,23:36:48.813,unicast message '22' received from 2D:C8;20180516;23:36:48.799;sent packet '278';20180516;23:36:48.813;unicast message '22' received from 2D:C8;14000000
278;20180516,23:36:49.796,sent packet '279';20180516,23:36:49.809,unicast message '23' received from 2D:C8;20180516;23:36:49.796;sent packet '279';20180516;23:36:49.809;unicast message '23' received from 2D:C8;13000000
279;20180516,23:36:50.792,sent packet '280';20180516,23:36:50.806,unicast message '24' received from 2D:C8;20180516;23:36:50.792;sent packet '280';20180516;23:36:50.806;unicast message '24' received from 2D:C8;14000000
280;20180516,23:36:51.789,sent packet '281';20180516,23:36:51.802,unicast message '25' received from 2D:C8;20180516;23:36:51.789;sent packet '281';20180516;23:36:51.802;unicast message '25' received from 2D:C8;13000000
281;20180516,23:36:52.785,sent packet '282';20180516,23:36:52.799,unicast message '26' received from 2D:C8;20180516;23:36:52.785;sent packet '282';20180516;23:36:52.799;unicast message '26' received from 2D:C8;14000000
282;20180516,23:36:53.781,sent packet '283';20180516,23:36:53.795,unicast message '27' received from 2D:C8;20180516;23:36:53.781;sent packet '283';20180516;23:36:53.795;unicast message '27' received from 2D:C8;14000000
283;20180516,23:36:54.778,sent packet '284';20180516,23:36:54.792,unicast message '28' received from 2D:C8;20180516;23:36:54.778;sent packet '284';20180516;23:36:54.792;unicast message '28' received from 2D:C8;14000000
284;20180516,23:36:55.914,sent packet '285';20180516,23:36:55.914,unicast message '29' received from 2D:C8;20180516;23:36:55.914;sent packet '285';20180516;23:36:55.914;unicast message '29' received from 2D:C8;0
285;20180516,23:36:56.771,sent packet '286';20180516,23:36:56.785,unicast message '30' received from 2D:C8;20180516;23:36:56.771;sent packet '286';20180516;23:36:56.785;unicast message '30' received from 2D:C8;14000000
286;20180516,23:36:57.767,sent packet '287';20180516,23:36:57.781,unicast message '31' received from 2D:C8;20180516;23:36:57.767;sent packet '287';20180516;23:36:57.781;unicast message '31' received from 2D:C8;14000000
287;20180516,23:36:58.764,sent packet '288';20180516,23:36:58.778,unicast message '32' received from 2D:C8;20180516;23:36:58.764;sent packet '288';20180516;23:36:58.778;unicast message '32' received from 2D:C8;14000000
288;20180516,23:36:59.761,sent packet '289';20180516,23:36:59.774,unicast message '33' received from 2D:C8;20180516;23:36:59.761;sent packet '289';20180516;23:36:59.774;unicast message '33' received from 2D:C8;13000000
289;20180516,23:37:00.757,sent packet '290';20180516,23:37:00.771,unicast message '34' received from 2D:C8;20180516;23:37:00.757;sent packet '290';20180516;23:37:00.771;unicast message '34' received from 2D:C8;14000000
290;20180516,23:37:01.754,sent packet '291';20180516,23:37:01.768,unicast message '35' received from 2D:C8;20180516;23:37:01.754;sent packet '291';20180516;23:37:01.768;unicast message '35' received from 2D:C8;14000000
291;20180516,23:37:02.750,sent packet '292';20180516,23:37:02.764,unicast message '36' received from 2D:C8;20180516;23:37:02.750;sent packet '292';20180516;23:37:02.764;unicast message '36' received from 2D:C8;14000000
292;20180516,23:37:03.746,sent packet '293';20180516,23:37:03.761,unicast message '37' received from 2D:C8;20180516;23:37:03.746;sent packet '293';20180516;23:37:03.761;unicast message '37' received from 2D:C8;15000000
293;20180516,23:37:04.743,sent packet '294';20180516,23:37:04.757,unicast message '38' received from 2D:C8;20180516;23:37:04.743;sent packet '294';20180516;23:37:04.757;unicast message '38' received from 2D:C8;14000000
294;20180516,23:37:05.740,sent packet '295';20180516,23:37:05.754,unicast message '39' received from 2D:C8;20180516;23:37:05.740;sent packet '295';20180516;23:37:05.754;unicast message '39' received from 2D:C8;14000000
295;20180516,23:37:06.737,sent packet '296';20180516,23:37:06.751,unicast message '40' received from 2D:C8;20180516;23:37:06.737;sent packet '296';20180516;23:37:06.751;unicast message '40' received from 2D:C8;14000000
296;20180516,23:37:07.733,sent packet '297';20180516,23:37:07.747,unicast message '41' received from 2D:C8;20180516;23:37:07.733;sent packet '297';20180516;23:37:07.747;unicast message '41' received from 2D:C8;14000000
297;20180516,23:37:08.730,sent packet '298';20180516,23:37:08.744,unicast message '42' received from 2D:C8;20180516;23:37:08.730;sent packet '298';20180516;23:37:08.744;unicast message '42' received from 2D:C8;14000000
298;20180516,23:37:09.726,sent packet '299';20180516,23:37:09.740,unicast message '43' received from 2D:C8;20180516;23:37:09.726;sent packet '299';20180516;23:37:09.740;unicast message '43' received from 2D:C8;14000000
299;20180516,23:37:10.722,sent packet '300';20180516,23:37:10.736,unicast message '44' received from 2D:C8;20180516;23:37:10.722;sent packet '300';20180516;23:37:10.736;unicast message '44' received from 2D:C8;14000000
