,sent:,Received,sent_data,sent_timestamp,sent_packet,received_data,received_timestamp,received_packet,latency
0,"20180516,23:20:10.148,sent packet '1'","20180516,23:20:10.152,unicast message '1' received from 2D:C8",20180516,23:20:10.148,sent packet '1',20180516,23:20:10.152,unicast message '1' received from 2D:C8,4000000
1,"20180516,23:20:11.144,sent packet '2'","20180516,23:20:11.148,unicast message '2' received from 2D:C8",20180516,23:20:11.144,sent packet '2',20180516,23:20:11.148,unicast message '2' received from 2D:C8,4000000
2,"20180516,23:20:12.140,sent packet '3'","20180516,23:20:12.144,unicast message '3' received from 2D:C8",20180516,23:20:12.140,sent packet '3',20180516,23:20:12.144,unicast message '3' received from 2D:C8,4000000
3,"20180516,23:20:13.138,sent packet '4'","20180516,23:20:13.141,unicast message '4' received from 2D:C8",20180516,23:20:13.138,sent packet '4',20180516,23:20:13.141,unicast message '4' received from 2D:C8,3000000
4,"20180516,23:20:14.133,sent packet '5'","20180516,23:20:14.138,unicast message '5' received from 2D:C8",20180516,23:20:14.133,sent packet '5',20180516,23:20:14.138,unicast message '5' received from 2D:C8,5000000
5,"20180516,23:20:15.131,sent packet '6'","20180516,23:20:15.134,unicast message '6' received from 2D:C8",20180516,23:20:15.131,sent packet '6',20180516,23:20:15.134,unicast message '6' received from 2D:C8,3000000
6,"20180516,23:20:16.127,sent packet '7'","20180516,23:20:16.131,unicast message '7' received from 2D:C8",20180516,23:20:16.127,sent packet '7',20180516,23:20:16.131,unicast message '7' received from 2D:C8,4000000
7,"20180516,23:20:17.123,sent packet '8'","20180516,23:20:17.127,unicast message '8' received from 2D:C8",20180516,23:20:17.123,sent packet '8',20180516,23:20:17.127,unicast message '8' received from 2D:C8,4000000
8,"20180516,23:20:18.121,sent packet '9'","20180516,23:20:18.124,unicast message '9' received from 2D:C8",20180516,23:20:18.121,sent packet '9',20180516,23:20:18.124,unicast message '9' received from 2D:C8,3000000
9,"20180516,23:20:19.117,sent packet '10'","20180516,23:20:19.120,unicast message '10' received from 2D:C8",20180516,23:20:19.117,sent packet '10',20180516,23:20:19.120,unicast message '10' received from 2D:C8,3000000
10,"20180516,23:20:20.114,sent packet '11'","20180516,23:20:20.118,unicast message '11' received from 2D:C8",20180516,23:20:20.114,sent packet '11',20180516,23:20:20.118,unicast message '11' received from 2D:C8,4000000
11,"20180516,23:20:21.109,sent packet '12'","20180516,23:20:21.114,unicast message '12' received from 2D:C8",20180516,23:20:21.109,sent packet '12',20180516,23:20:21.114,unicast message '12' received from 2D:C8,5000000
12,"20180516,23:20:22.106,sent packet '13'","20180516,23:20:22.110,unicast message '13' received from 2D:C8",20180516,23:20:22.106,sent packet '13',20180516,23:20:22.110,unicast message '13' received from 2D:C8,4000000
13,"20180516,23:20:23.102,sent packet '14'","20180516,23:20:23.107,unicast message '14' received from 2D:C8",20180516,23:20:23.102,sent packet '14',20180516,23:20:23.107,unicast message '14' received from 2D:C8,5000000
14,"20180516,23:20:24.099,sent packet '15'","20180516,23:20:24.103,unicast message '15' received from 2D:C8",20180516,23:20:24.099,sent packet '15',20180516,23:20:24.103,unicast message '15' received from 2D:C8,4000000
15,"20180516,23:20:25.096,sent packet '16'","20180516,23:20:25.100,unicast message '16' received from 2D:C8",20180516,23:20:25.096,sent packet '16',20180516,23:20:25.100,unicast message '16' received from 2D:C8,4000000
16,"20180516,23:20:26.092,sent packet '17'","20180516,23:20:26.097,unicast message '17' received from 2D:C8",20180516,23:20:26.092,sent packet '17',20180516,23:20:26.097,unicast message '17' received from 2D:C8,5000000
17,"20180516,23:20:27.088,sent packet '18'","20180516,23:20:27.092,unicast message '18' received from 2D:C8",20180516,23:20:27.088,sent packet '18',20180516,23:20:27.092,unicast message '18' received from 2D:C8,4000000
18,"20180516,23:20:28.086,sent packet '19'","20180516,23:20:28.089,unicast message '19' received from 2D:C8",20180516,23:20:28.086,sent packet '19',20180516,23:20:28.089,unicast message '19' received from 2D:C8,3000000
19,"20180516,23:20:29.081,sent packet '20'","20180516,23:20:29.086,unicast message '20' received from 2D:C8",20180516,23:20:29.081,sent packet '20',20180516,23:20:29.086,unicast message '20' received from 2D:C8,5000000
20,"20180516,23:20:30.078,sent packet '21'","20180516,23:20:30.083,unicast message '21' received from 2D:C8",20180516,23:20:30.078,sent packet '21',20180516,23:20:30.083,unicast message '21' received from 2D:C8,5000000
21,"20180516,23:20:31.074,sent packet '22'","20180516,23:20:31.079,unicast message '22' received from 2D:C8",20180516,23:20:31.074,sent packet '22',20180516,23:20:31.079,unicast message '22' received from 2D:C8,5000000
22,"20180516,23:20:32.071,sent packet '23'","20180516,23:20:32.075,unicast message '23' received from 2D:C8",20180516,23:20:32.071,sent packet '23',20180516,23:20:32.075,unicast message '23' received from 2D:C8,4000000
23,"20180516,23:20:33.068,sent packet '24'","20180516,23:20:33.072,unicast message '24' received from 2D:C8",20180516,23:20:33.068,sent packet '24',20180516,23:20:33.072,unicast message '24' received from 2D:C8,4000000
24,"20180516,23:20:34.064,sent packet '25'","20180516,23:20:34.068,unicast message '25' received from 2D:C8",20180516,23:20:34.064,sent packet '25',20180516,23:20:34.068,unicast message '25' received from 2D:C8,4000000
25,"20180516,23:20:35.060,sent packet '26'","20180516,23:20:35.065,unicast message '26' received from 2D:C8",20180516,23:20:35.060,sent packet '26',20180516,23:20:35.065,unicast message '26' received from 2D:C8,5000000
26,"20180516,23:20:36.057,sent packet '27'","20180516,23:20:36.061,unicast message '27' received from 2D:C8",20180516,23:20:36.057,sent packet '27',20180516,23:20:36.061,unicast message '27' received from 2D:C8,4000000
27,"20180516,23:20:37.053,sent packet '28'","20180516,23:20:37.060,unicast message '28' received from 2D:C8",20180516,23:20:37.053,sent packet '28',20180516,23:20:37.060,unicast message '28' received from 2D:C8,7000000
28,"20180516,23:20:38.049,sent packet '29'","20180516,23:20:38.054,unicast message '29' received from 2D:C8",20180516,23:20:38.049,sent packet '29',20180516,23:20:38.054,unicast message '29' received from 2D:C8,5000000
29,"20180516,23:20:39.047,sent packet '30'","20180516,23:20:39.051,unicast message '30' received from 2D:C8",20180516,23:20:39.047,sent packet '30',20180516,23:20:39.051,unicast message '30' received from 2D:C8,4000000
30,"20180516,23:20:40.047,sent packet '31'","20180516,23:20:40.048,unicast message '31' received from 2D:C8",20180516,23:20:40.047,sent packet '31',20180516,23:20:40.048,unicast message '31' received from 2D:C8,1000000
31,"20180516,23:20:41.040,sent packet '32'","20180516,23:20:41.044,unicast message '32' received from 2D:C8",20180516,23:20:41.040,sent packet '32',20180516,23:20:41.044,unicast message '32' received from 2D:C8,4000000
32,"20180516,23:20:42.037,sent packet '33'","20180516,23:20:42.041,unicast message '33' received from 2D:C8",20180516,23:20:42.037,sent packet '33',20180516,23:20:42.041,unicast message '33' received from 2D:C8,4000000
33,"20180516,23:20:43.032,sent packet '34'","20180516,23:20:43.037,unicast message '34' received from 2D:C8",20180516,23:20:43.032,sent packet '34',20180516,23:20:43.037,unicast message '34' received from 2D:C8,5000000
34,"20180516,23:20:44.029,sent packet '35'","20180516,23:20:44.034,unicast message '35' received from 2D:C8",20180516,23:20:44.029,sent packet '35',20180516,23:20:44.034,unicast message '35' received from 2D:C8,5000000
35,"20180516,23:20:45.025,sent packet '36'","20180516,23:20:45.030,unicast message '36' received from 2D:C8",20180516,23:20:45.025,sent packet '36',20180516,23:20:45.030,unicast message '36' received from 2D:C8,5000000
36,"20180516,23:20:46.023,sent packet '37'","20180516,23:20:46.027,unicast message '37' received from 2D:C8",20180516,23:20:46.023,sent packet '37',20180516,23:20:46.027,unicast message '37' received from 2D:C8,4000000
37,"20180516,23:20:47.018,sent packet '38'","20180516,23:20:47.023,unicast message '38' received from 2D:C8",20180516,23:20:47.018,sent packet '38',20180516,23:20:47.023,unicast message '38' received from 2D:C8,5000000
38,"20180516,23:20:48.015,sent packet '39'","20180516,23:20:48.019,unicast message '39' received from 2D:C8",20180516,23:20:48.015,sent packet '39',20180516,23:20:48.019,unicast message '39' received from 2D:C8,4000000
39,"20180516,23:20:49.012,sent packet '40'","20180516,23:20:49.016,unicast message '40' received from 2D:C8",20180516,23:20:49.012,sent packet '40',20180516,23:20:49.016,unicast message '40' received from 2D:C8,4000000
40,"20180516,23:20:50.008,sent packet '41'","20180516,23:20:50.014,unicast message '41' received from 2D:C8",20180516,23:20:50.008,sent packet '41',20180516,23:20:50.014,unicast message '41' received from 2D:C8,6000000
41,"20180516,23:20:51.005,sent packet '42'","20180516,23:20:51.009,unicast message '42' received from 2D:C8",20180516,23:20:51.005,sent packet '42',20180516,23:20:51.009,unicast message '42' received from 2D:C8,4000000
42,"20180516,23:20:52.002,sent packet '43'","20180516,23:20:52.006,unicast message '43' received from 2D:C8",20180516,23:20:52.002,sent packet '43',20180516,23:20:52.006,unicast message '43' received from 2D:C8,4000000
43,"20180516,23:20:52.998,sent packet '44'","20180516,23:20:53.003,unicast message '44' received from 2D:C8",20180516,23:20:52.998,sent packet '44',20180516,23:20:53.003,unicast message '44' received from 2D:C8,5000000
44,"20180516,23:20:53.995,sent packet '45'","20180516,23:20:53.999,unicast message '45' received from 2D:C8",20180516,23:20:53.995,sent packet '45',20180516,23:20:53.999,unicast message '45' received from 2D:C8,4000000
45,"20180516,23:20:54.991,sent packet '46'","20180516,23:20:54.996,unicast message '46' received from 2D:C8",20180516,23:20:54.991,sent packet '46',20180516,23:20:54.996,unicast message '46' received from 2D:C8,5000000
46,"20180516,23:20:55.988,sent packet '47'","20180516,23:20:55.992,unicast message '47' received from 2D:C8",20180516,23:20:55.988,sent packet '47',20180516,23:20:55.992,unicast message '47' received from 2D:C8,4000000
47,"20180516,23:20:56.984,sent packet '48'","20180516,23:20:56.989,unicast message '48' received from 2D:C8",20180516,23:20:56.984,sent packet '48',20180516,23:20:56.989,unicast message '48' received from 2D:C8,5000000
48,"20180516,23:20:57.980,sent packet '49'","20180516,23:20:57.985,unicast message '49' received from 2D:C8",20180516,23:20:57.980,sent packet '49',20180516,23:20:57.985,unicast message '49' received from 2D:C8,5000000
49,"20180516,23:20:58.977,sent packet '50'","20180516,23:20:58.982,unicast message '50' received from 2D:C8",20180516,23:20:58.977,sent packet '50',20180516,23:20:58.982,unicast message '50' received from 2D:C8,5000000
50,"20180516,23:20:59.973,sent packet '51'","20180516,23:20:59.978,unicast message '51' received from 2D:C8",20180516,23:20:59.973,sent packet '51',20180516,23:20:59.978,unicast message '51' received from 2D:C8,5000000
51,"20180516,23:21:00.970,sent packet '52'","20180516,23:21:00.975,unicast message '52' received from 2D:C8",20180516,23:21:00.970,sent packet '52',20180516,23:21:00.975,unicast message '52' received from 2D:C8,5000000
52,"20180516,23:21:01.966,sent packet '53'","20180516,23:21:01.971,unicast message '53' received from 2D:C8",20180516,23:21:01.966,sent packet '53',20180516,23:21:01.971,unicast message '53' received from 2D:C8,5000000
53,"20180516,23:21:02.963,sent packet '54'","20180516,23:21:02.968,unicast message '54' received from 2D:C8",20180516,23:21:02.963,sent packet '54',20180516,23:21:02.968,unicast message '54' received from 2D:C8,5000000
54,"20180516,23:21:03.960,sent packet '55'","20180516,23:21:03.964,unicast message '55' received from 2D:C8",20180516,23:21:03.960,sent packet '55',20180516,23:21:03.964,unicast message '55' received from 2D:C8,4000000
55,"20180516,23:21:04.956,sent packet '56'","20180516,23:21:04.962,unicast message '56' received from 2D:C8",20180516,23:21:04.956,sent packet '56',20180516,23:21:04.962,unicast message '56' received from 2D:C8,6000000
56,"20180516,23:21:05.953,sent packet '57'","20180516,23:21:05.957,unicast message '57' received from 2D:C8",20180516,23:21:05.953,sent packet '57',20180516,23:21:05.957,unicast message '57' received from 2D:C8,4000000
57,"20180516,23:21:06.949,sent packet '58'","20180516,23:21:06.954,unicast message '58' received from 2D:C8",20180516,23:21:06.949,sent packet '58',20180516,23:21:06.954,unicast message '58' received from 2D:C8,5000000
58,"20180516,23:21:07.945,sent packet '59'","20180516,23:21:07.950,unicast message '59' received from 2D:C8",20180516,23:21:07.945,sent packet '59',20180516,23:21:07.950,unicast message '59' received from 2D:C8,5000000
59,"20180516,23:21:08.942,sent packet '60'","20180516,23:21:08.947,unicast message '60' received from 2D:C8",20180516,23:21:08.942,sent packet '60',20180516,23:21:08.947,unicast message '60' received from 2D:C8,5000000
60,"20180516,23:21:09.939,sent packet '61'","20180516,23:21:09.943,unicast message '61' received from 2D:C8",20180516,23:21:09.939,sent packet '61',20180516,23:21:09.943,unicast message '61' received from 2D:C8,4000000
61,"20180516,23:21:10.935,sent packet '62'","20180516,23:21:10.939,unicast message '62' received from 2D:C8",20180516,23:21:10.935,sent packet '62',20180516,23:21:10.939,unicast message '62' received from 2D:C8,4000000
62,"20180516,23:21:11.932,sent packet '63'","20180516,23:21:11.936,unicast message '63' received from 2D:C8",20180516,23:21:11.932,sent packet '63',20180516,23:21:11.936,unicast message '63' received from 2D:C8,4000000
63,"20180516,23:21:12.928,sent packet '64'","20180516,23:21:12.933,unicast message '64' received from 2D:C8",20180516,23:21:12.928,sent packet '64',20180516,23:21:12.933,unicast message '64' received from 2D:C8,5000000
64,"20180516,23:21:13.925,sent packet '65'","20180516,23:21:13.929,unicast message '65' received from 2D:C8",20180516,23:21:13.925,sent packet '65',20180516,23:21:13.929,unicast message '65' received from 2D:C8,4000000
65,"20180516,23:21:14.921,sent packet '66'","20180516,23:21:14.926,unicast message '66' received from 2D:C8",20180516,23:21:14.921,sent packet '66',20180516,23:21:14.926,unicast message '66' received from 2D:C8,5000000
66,"20180516,23:21:15.918,sent packet '67'","20180516,23:21:15.925,unicast message '67' received from 2D:C8",20180516,23:21:15.918,sent packet '67',20180516,23:21:15.925,unicast message '67' received from 2D:C8,7000000
67,"20180516,23:21:16.914,sent packet '68'","20180516,23:21:16.919,unicast message '68' received from 2D:C8",20180516,23:21:16.914,sent packet '68',20180516,23:21:16.919,unicast message '68' received from 2D:C8,5000000
68,"20180516,23:21:17.911,sent packet '69'","20180516,23:21:17.917,unicast message '69' received from 2D:C8",20180516,23:21:17.911,sent packet '69',20180516,23:21:17.917,unicast message '69' received from 2D:C8,6000000
69,"20180516,23:21:18.908,sent packet '70'","20180516,23:21:18.912,unicast message '70' received from 2D:C8",20180516,23:21:18.908,sent packet '70',20180516,23:21:18.912,unicast message '70' received from 2D:C8,4000000
70,"20180516,23:21:19.904,sent packet '71'","20180516,23:21:19.910,unicast message '71' received from 2D:C8",20180516,23:21:19.904,sent packet '71',20180516,23:21:19.910,unicast message '71' received from 2D:C8,6000000
71,"20180516,23:21:20.900,sent packet '72'","20180516,23:21:20.905,unicast message '72' received from 2D:C8",20180516,23:21:20.900,sent packet '72',20180516,23:21:20.905,unicast message '72' received from 2D:C8,5000000
72,"20180516,23:21:21.897,sent packet '73'","20180516,23:21:21.902,unicast message '73' received from 2D:C8",20180516,23:21:21.897,sent packet '73',20180516,23:21:21.902,unicast message '73' received from 2D:C8,5000000
73,"20180516,23:21:22.894,sent packet '74'","20180516,23:21:22.898,unicast message '74' received from 2D:C8",20180516,23:21:22.894,sent packet '74',20180516,23:21:22.898,unicast message '74' received from 2D:C8,4000000
74,"20180516,23:21:23.890,sent packet '75'","20180516,23:21:23.894,unicast message '75' received from 2D:C8",20180516,23:21:23.890,sent packet '75',20180516,23:21:23.894,unicast message '75' received from 2D:C8,4000000
75,"20180516,23:21:24.887,sent packet '76'","20180516,23:21:24.891,unicast message '76' received from 2D:C8",20180516,23:21:24.887,sent packet '76',20180516,23:21:24.891,unicast message '76' received from 2D:C8,4000000
76,"20180516,23:21:25.883,sent packet '77'","20180516,23:21:25.888,unicast message '77' received from 2D:C8",20180516,23:21:25.883,sent packet '77',20180516,23:21:25.888,unicast message '77' received from 2D:C8,5000000
77,"20180516,23:21:26.879,sent packet '78'","20180516,23:21:26.884,unicast message '78' received from 2D:C8",20180516,23:21:26.879,sent packet '78',20180516,23:21:26.884,unicast message '78' received from 2D:C8,5000000
78,"20180516,23:21:27.876,sent packet '79'","20180516,23:21:27.880,unicast message '79' received from 2D:C8",20180516,23:21:27.876,sent packet '79',20180516,23:21:27.880,unicast message '79' received from 2D:C8,4000000
79,"20180516,23:21:28.873,sent packet '80'","20180516,23:21:28.877,unicast message '80' received from 2D:C8",20180516,23:21:28.873,sent packet '80',20180516,23:21:28.877,unicast message '80' received from 2D:C8,4000000
80,"20180516,23:21:29.870,sent packet '81'","20180516,23:21:29.874,unicast message '81' received from 2D:C8",20180516,23:21:29.870,sent packet '81',20180516,23:21:29.874,unicast message '81' received from 2D:C8,4000000
81,"20180516,23:21:30.866,sent packet '82'","20180516,23:21:30.870,unicast message '82' received from 2D:C8",20180516,23:21:30.866,sent packet '82',20180516,23:21:30.870,unicast message '82' received from 2D:C8,4000000
82,"20180516,23:21:31.862,sent packet '83'","20180516,23:21:31.866,unicast message '83' received from 2D:C8",20180516,23:21:31.862,sent packet '83',20180516,23:21:31.866,unicast message '83' received from 2D:C8,4000000
83,"20180516,23:21:32.859,sent packet '84'","20180516,23:21:32.863,unicast message '84' received from 2D:C8",20180516,23:21:32.859,sent packet '84',20180516,23:21:32.863,unicast message '84' received from 2D:C8,4000000
84,"20180516,23:21:33.856,sent packet '85'","20180516,23:21:33.860,unicast message '85' received from 2D:C8",20180516,23:21:33.856,sent packet '85',20180516,23:21:33.860,unicast message '85' received from 2D:C8,4000000
85,"20180516,23:21:34.852,sent packet '86'","20180516,23:21:34.856,unicast message '86' received from 2D:C8",20180516,23:21:34.852,sent packet '86',20180516,23:21:34.856,unicast message '86' received from 2D:C8,4000000
86,"20180516,23:21:35.848,sent packet '87'","20180516,23:21:35.852,unicast message '87' received from 2D:C8",20180516,23:21:35.848,sent packet '87',20180516,23:21:35.852,unicast message '87' received from 2D:C8,4000000
87,"20180516,23:21:36.845,sent packet '88'","20180516,23:21:36.852,unicast message '88' received from 2D:C8",20180516,23:21:36.845,sent packet '88',20180516,23:21:36.852,unicast message '88' received from 2D:C8,7000000
88,"20180516,23:21:37.843,sent packet '89'","20180516,23:21:37.846,unicast message '89' received from 2D:C8",20180516,23:21:37.843,sent packet '89',20180516,23:21:37.846,unicast message '89' received from 2D:C8,3000000
89,"20180516,23:21:38.838,sent packet '90'","20180516,23:21:38.843,unicast message '90' received from 2D:C8",20180516,23:21:38.838,sent packet '90',20180516,23:21:38.843,unicast message '90' received from 2D:C8,5000000
90,"20180516,23:21:39.835,sent packet '91'","20180516,23:21:39.839,unicast message '91' received from 2D:C8",20180516,23:21:39.835,sent packet '91',20180516,23:21:39.839,unicast message '91' received from 2D:C8,4000000
91,"20180516,23:21:40.831,sent packet '92'","20180516,23:21:40.835,unicast message '92' received from 2D:C8",20180516,23:21:40.831,sent packet '92',20180516,23:21:40.835,unicast message '92' received from 2D:C8,4000000
92,"20180516,23:21:41.828,sent packet '93'","20180516,23:21:41.832,unicast message '93' received from 2D:C8",20180516,23:21:41.828,sent packet '93',20180516,23:21:41.832,unicast message '93' received from 2D:C8,4000000
93,"20180516,23:21:42.824,sent packet '94'","20180516,23:21:42.829,unicast message '94' received from 2D:C8",20180516,23:21:42.824,sent packet '94',20180516,23:21:42.829,unicast message '94' received from 2D:C8,5000000
94,"20180516,23:21:43.820,sent packet '95'","20180516,23:21:43.825,unicast message '95' received from 2D:C8",20180516,23:21:43.820,sent packet '95',20180516,23:21:43.825,unicast message '95' received from 2D:C8,5000000
95,"20180516,23:21:44.817,sent packet '96'","20180516,23:21:44.822,unicast message '96' received from 2D:C8",20180516,23:21:44.817,sent packet '96',20180516,23:21:44.822,unicast message '96' received from 2D:C8,5000000
96,"20180516,23:21:45.814,sent packet '97'","20180516,23:21:45.818,unicast message '97' received from 2D:C8",20180516,23:21:45.814,sent packet '97',20180516,23:21:45.818,unicast message '97' received from 2D:C8,4000000
97,"20180516,23:21:46.810,sent packet '98'","20180516,23:21:46.814,unicast message '98' received from 2D:C8",20180516,23:21:46.810,sent packet '98',20180516,23:21:46.814,unicast message '98' received from 2D:C8,4000000
98,"20180516,23:21:47.807,sent packet '99'","20180516,23:21:47.811,unicast message '99' received from 2D:C8",20180516,23:21:47.807,sent packet '99',20180516,23:21:47.811,unicast message '99' received from 2D:C8,4000000
99,"20180516,23:21:48.803,sent packet '100'","20180516,23:21:48.808,unicast message '100' received from 2D:C8",20180516,23:21:48.803,sent packet '100',20180516,23:21:48.808,unicast message '100' received from 2D:C8,5000000
100,"20180516,23:21:49.800,sent packet '101'","20180516,23:21:49.804,unicast message '101' received from 2D:C8",20180516,23:21:49.800,sent packet '101',20180516,23:21:49.804,unicast message '101' received from 2D:C8,4000000
101,"20180516,23:21:50.797,sent packet '102'","20180516,23:21:50.801,unicast message '102' received from 2D:C8",20180516,23:21:50.797,sent packet '102',20180516,23:21:50.801,unicast message '102' received from 2D:C8,4000000
102,"20180516,23:21:51.793,sent packet '103'","20180516,23:21:51.797,unicast message '103' received from 2D:C8",20180516,23:21:51.793,sent packet '103',20180516,23:21:51.797,unicast message '103' received from 2D:C8,4000000
103,"20180516,23:21:52.790,sent packet '104'","20180516,23:21:52.794,unicast message '104' received from 2D:C8",20180516,23:21:52.790,sent packet '104',20180516,23:21:52.794,unicast message '104' received from 2D:C8,4000000
104,"20180516,23:21:53.786,sent packet '105'","20180516,23:21:53.790,unicast message '105' received from 2D:C8",20180516,23:21:53.786,sent packet '105',20180516,23:21:53.790,unicast message '105' received from 2D:C8,4000000
105,"20180516,23:21:54.783,sent packet '106'","20180516,23:21:54.787,unicast message '106' received from 2D:C8",20180516,23:21:54.783,sent packet '106',20180516,23:21:54.787,unicast message '106' received from 2D:C8,4000000
106,"20180516,23:21:55.779,sent packet '107'","20180516,23:21:55.783,unicast message '107' received from 2D:C8",20180516,23:21:55.779,sent packet '107',20180516,23:21:55.783,unicast message '107' received from 2D:C8,4000000
107,"20180516,23:21:56.776,sent packet '108'","20180516,23:21:56.780,unicast message '108' received from 2D:C8",20180516,23:21:56.776,sent packet '108',20180516,23:21:56.780,unicast message '108' received from 2D:C8,4000000
108,"20180516,23:21:57.772,sent packet '109'","20180516,23:21:57.776,unicast message '109' received from 2D:C8",20180516,23:21:57.772,sent packet '109',20180516,23:21:57.776,unicast message '109' received from 2D:C8,4000000
109,"20180516,23:21:58.768,sent packet '110'","20180516,23:21:58.773,unicast message '110' received from 2D:C8",20180516,23:21:58.768,sent packet '110',20180516,23:21:58.773,unicast message '110' received from 2D:C8,5000000
110,"20180516,23:21:59.765,sent packet '111'","20180516,23:21:59.769,unicast message '111' received from 2D:C8",20180516,23:21:59.765,sent packet '111',20180516,23:21:59.769,unicast message '111' received from 2D:C8,4000000
111,"20180516,23:22:00.762,sent packet '112'","20180516,23:22:00.766,unicast message '112' received from 2D:C8",20180516,23:22:00.762,sent packet '112',20180516,23:22:00.766,unicast message '112' received from 2D:C8,4000000
112,"20180516,23:22:01.758,sent packet '113'","20180516,23:22:01.762,unicast message '113' received from 2D:C8",20180516,23:22:01.758,sent packet '113',20180516,23:22:01.762,unicast message '113' received from 2D:C8,4000000
113,"20180516,23:22:02.755,sent packet '114'","20180516,23:22:02.759,unicast message '114' received from 2D:C8",20180516,23:22:02.755,sent packet '114',20180516,23:22:02.759,unicast message '114' received from 2D:C8,4000000
114,"20180516,23:22:03.750,sent packet '115'","20180516,23:22:03.755,unicast message '115' received from 2D:C8",20180516,23:22:03.750,sent packet '115',20180516,23:22:03.755,unicast message '115' received from 2D:C8,5000000
115,"20180516,23:22:04.748,sent packet '116'","20180516,23:22:04.752,unicast message '116' received from 2D:C8",20180516,23:22:04.748,sent packet '116',20180516,23:22:04.752,unicast message '116' received from 2D:C8,4000000
116,"20180516,23:22:05.744,sent packet '117'","20180516,23:22:05.749,unicast message '117' received from 2D:C8",20180516,23:22:05.744,sent packet '117',20180516,23:22:05.749,unicast message '117' received from 2D:C8,5000000
117,"20180516,23:22:06.741,sent packet '118'","20180516,23:22:06.745,unicast message '118' received from 2D:C8",20180516,23:22:06.741,sent packet '118',20180516,23:22:06.745,unicast message '118' received from 2D:C8,4000000
118,"20180516,23:22:07.737,sent packet '119'","20180516,23:22:07.742,unicast message '119' received from 2D:C8",20180516,23:22:07.737,sent packet '119',20180516,23:22:07.742,unicast message '119' received from 2D:C8,5000000
119,"20180516,23:22:08.734,sent packet '120'","20180516,23:22:08.738,unicast message '120' received from 2D:C8",20180516,23:22:08.734,sent packet '120',20180516,23:22:08.738,unicast message '120' received from 2D:C8,4000000
120,"20180516,23:22:09.730,sent packet '121'","20180516,23:22:09.735,unicast message '121' received from 2D:C8",20180516,23:22:09.730,sent packet '121',20180516,23:22:09.735,unicast message '121' received from 2D:C8,5000000
121,"20180516,23:22:10.726,sent packet '122'","20180516,23:22:10.731,unicast message '122' received from 2D:C8",20180516,23:22:10.726,sent packet '122',20180516,23:22:10.731,unicast message '122' received from 2D:C8,5000000
122,"20180516,23:22:11.723,sent packet '123'","20180516,23:22:11.728,unicast message '123' received from 2D:C8",20180516,23:22:11.723,sent packet '123',20180516,23:22:11.728,unicast message '123' received from 2D:C8,5000000
123,"20180516,23:22:12.720,sent packet '124'","20180516,23:22:12.724,unicast message '124' received from 2D:C8",20180516,23:22:12.720,sent packet '124',20180516,23:22:12.724,unicast message '124' received from 2D:C8,4000000
124,"20180516,23:22:13.716,sent packet '125'","20180516,23:22:13.721,unicast message '125' received from 2D:C8",20180516,23:22:13.716,sent packet '125',20180516,23:22:13.721,unicast message '125' received from 2D:C8,5000000
125,"20180516,23:22:14.713,sent packet '126'","20180516,23:22:14.718,unicast message '126' received from 2D:C8",20180516,23:22:14.713,sent packet '126',20180516,23:22:14.718,unicast message '126' received from 2D:C8,5000000
126,"20180516,23:22:15.709,sent packet '127'","20180516,23:22:15.714,unicast message '127' received from 2D:C8",20180516,23:22:15.709,sent packet '127',20180516,23:22:15.714,unicast message '127' received from 2D:C8,5000000
127,"20180516,23:22:16.706,sent packet '128'","20180516,23:22:16.710,unicast message '128' received from 2D:C8",20180516,23:22:16.706,sent packet '128',20180516,23:22:16.710,unicast message '128' received from 2D:C8,4000000
128,"20180516,23:22:17.702,sent packet '129'","20180516,23:22:17.707,unicast message '129' received from 2D:C8",20180516,23:22:17.702,sent packet '129',20180516,23:22:17.707,unicast message '129' received from 2D:C8,5000000
129,"20180516,23:22:18.699,sent packet '130'","20180516,23:22:18.704,unicast message '130' received from 2D:C8",20180516,23:22:18.699,sent packet '130',20180516,23:22:18.704,unicast message '130' received from 2D:C8,5000000
130,"20180516,23:22:19.695,sent packet '131'","20180516,23:22:19.700,unicast message '131' received from 2D:C8",20180516,23:22:19.695,sent packet '131',20180516,23:22:19.700,unicast message '131' received from 2D:C8,5000000
131,"20180516,23:22:20.692,sent packet '132'","20180516,23:22:20.696,unicast message '132' received from 2D:C8",20180516,23:22:20.692,sent packet '132',20180516,23:22:20.696,unicast message '132' received from 2D:C8,4000000
132,"20180516,23:22:21.688,sent packet '133'","20180516,23:22:21.693,unicast message '133' received from 2D:C8",20180516,23:22:21.688,sent packet '133',20180516,23:22:21.693,unicast message '133' received from 2D:C8,5000000
133,"20180516,23:22:22.685,sent packet '134'","20180516,23:22:22.690,unicast message '134' received from 2D:C8",20180516,23:22:22.685,sent packet '134',20180516,23:22:22.690,unicast message '134' received from 2D:C8,5000000
134,"20180516,23:22:23.681,sent packet '135'","20180516,23:22:23.686,unicast message '135' received from 2D:C8",20180516,23:22:23.681,sent packet '135',20180516,23:22:23.686,unicast message '135' received from 2D:C8,5000000
135,"20180516,23:22:24.678,sent packet '136'","20180516,23:22:24.682,unicast message '136' received from 2D:C8",20180516,23:22:24.678,sent packet '136',20180516,23:22:24.682,unicast message '136' received from 2D:C8,4000000
136,"20180516,23:22:25.674,sent packet '137'","20180516,23:22:25.679,unicast message '137' received from 2D:C8",20180516,23:22:25.674,sent packet '137',20180516,23:22:25.679,unicast message '137' received from 2D:C8,5000000
137,"20180516,23:22:26.671,sent packet '138'","20180516,23:22:26.675,unicast message '138' received from 2D:C8",20180516,23:22:26.671,sent packet '138',20180516,23:22:26.675,unicast message '138' received from 2D:C8,4000000
138,"20180516,23:22:27.668,sent packet '139'","20180516,23:22:27.672,unicast message '139' received from 2D:C8",20180516,23:22:27.668,sent packet '139',20180516,23:22:27.672,unicast message '139' received from 2D:C8,4000000
139,"20180516,23:22:28.664,sent packet '140'","20180516,23:22:28.669,unicast message '140' received from 2D:C8",20180516,23:22:28.664,sent packet '140',20180516,23:22:28.669,unicast message '140' received from 2D:C8,5000000
140,"20180516,23:22:29.660,sent packet '141'","20180516,23:22:29.665,unicast message '141' received from 2D:C8",20180516,23:22:29.660,sent packet '141',20180516,23:22:29.665,unicast message '141' received from 2D:C8,5000000
141,"20180516,23:22:30.658,sent packet '142'","20180516,23:22:30.662,unicast message '142' received from 2D:C8",20180516,23:22:30.658,sent packet '142',20180516,23:22:30.662,unicast message '142' received from 2D:C8,4000000
142,"20180516,23:22:31.653,sent packet '143'","20180516,23:22:31.658,unicast message '143' received from 2D:C8",20180516,23:22:31.653,sent packet '143',20180516,23:22:31.658,unicast message '143' received from 2D:C8,5000000
143,"20180516,23:22:32.650,sent packet '144'","20180516,23:22:32.654,unicast message '144' received from 2D:C8",20180516,23:22:32.650,sent packet '144',20180516,23:22:32.654,unicast message '144' received from 2D:C8,4000000
144,"20180516,23:22:33.647,sent packet '145'","20180516,23:22:33.651,unicast message '145' received from 2D:C8",20180516,23:22:33.647,sent packet '145',20180516,23:22:33.651,unicast message '145' received from 2D:C8,4000000
145,"20180516,23:22:34.643,sent packet '146'","20180516,23:22:34.648,unicast message '146' received from 2D:C8",20180516,23:22:34.643,sent packet '146',20180516,23:22:34.648,unicast message '146' received from 2D:C8,5000000
146,"20180516,23:22:35.640,sent packet '147'","20180516,23:22:35.644,unicast message '147' received from 2D:C8",20180516,23:22:35.640,sent packet '147',20180516,23:22:35.644,unicast message '147' received from 2D:C8,4000000
147,"20180516,23:22:36.636,sent packet '148'","20180516,23:22:36.641,unicast message '148' received from 2D:C8",20180516,23:22:36.636,sent packet '148',20180516,23:22:36.641,unicast message '148' received from 2D:C8,5000000
148,"20180516,23:22:37.633,sent packet '149'","20180516,23:22:37.637,unicast message '149' received from 2D:C8",20180516,23:22:37.633,sent packet '149',20180516,23:22:37.637,unicast message '149' received from 2D:C8,4000000
149,"20180516,23:22:38.630,sent packet '150'","20180516,23:22:38.634,unicast message '150' received from 2D:C8",20180516,23:22:38.630,sent packet '150',20180516,23:22:38.634,unicast message '150' received from 2D:C8,4000000
150,"20180516,23:22:39.625,sent packet '151'","20180516,23:22:39.630,unicast message '151' received from 2D:C8",20180516,23:22:39.625,sent packet '151',20180516,23:22:39.630,unicast message '151' received from 2D:C8,5000000
151,"20180516,23:22:40.623,sent packet '152'","20180516,23:22:40.627,unicast message '152' received from 2D:C8",20180516,23:22:40.623,sent packet '152',20180516,23:22:40.627,unicast message '152' received from 2D:C8,4000000
152,"20180516,23:22:41.619,sent packet '153'","20180516,23:22:41.623,unicast message '153' received from 2D:C8",20180516,23:22:41.619,sent packet '153',20180516,23:22:41.623,unicast message '153' received from 2D:C8,4000000
153,"20180516,23:22:42.615,sent packet '154'","20180516,23:22:42.620,unicast message '154' received from 2D:C8",20180516,23:22:42.615,sent packet '154',20180516,23:22:42.620,unicast message '154' received from 2D:C8,5000000
154,"20180516,23:22:43.612,sent packet '155'","20180516,23:22:43.618,unicast message '155' received from 2D:C8",20180516,23:22:43.612,sent packet '155',20180516,23:22:43.618,unicast message '155' received from 2D:C8,6000000
155,"20180516,23:22:44.609,sent packet '156'","20180516,23:22:44.613,unicast message '156' received from 2D:C8",20180516,23:22:44.609,sent packet '156',20180516,23:22:44.613,unicast message '156' received from 2D:C8,4000000
156,"20180516,23:22:45.605,sent packet '157'","20180516,23:22:45.610,unicast message '157' received from 2D:C8",20180516,23:22:45.605,sent packet '157',20180516,23:22:45.610,unicast message '157' received from 2D:C8,5000000
157,"20180516,23:22:46.601,sent packet '158'","20180516,23:22:46.606,unicast message '158' received from 2D:C8",20180516,23:22:46.601,sent packet '158',20180516,23:22:46.606,unicast message '158' received from 2D:C8,5000000
158,"20180516,23:22:47.598,sent packet '159'","20180516,23:22:47.602,unicast message '159' received from 2D:C8",20180516,23:22:47.598,sent packet '159',20180516,23:22:47.602,unicast message '159' received from 2D:C8,4000000
159,"20180516,23:22:48.594,sent packet '160'","20180516,23:22:48.599,unicast message '160' received from 2D:C8",20180516,23:22:48.594,sent packet '160',20180516,23:22:48.599,unicast message '160' received from 2D:C8,5000000
160,"20180516,23:22:49.591,sent packet '161'","20180516,23:22:49.595,unicast message '161' received from 2D:C8",20180516,23:22:49.591,sent packet '161',20180516,23:22:49.595,unicast message '161' received from 2D:C8,4000000
161,"20180516,23:22:50.588,sent packet '162'","20180516,23:22:50.593,unicast message '162' received from 2D:C8",20180516,23:22:50.588,sent packet '162',20180516,23:22:50.593,unicast message '162' received from 2D:C8,5000000
162,"20180516,23:22:51.584,sent packet '163'","20180516,23:22:51.589,unicast message '163' received from 2D:C8",20180516,23:22:51.584,sent packet '163',20180516,23:22:51.589,unicast message '163' received from 2D:C8,5000000
163,"20180516,23:22:52.582,sent packet '164'","20180516,23:22:52.586,unicast message '164' received from 2D:C8",20180516,23:22:52.582,sent packet '164',20180516,23:22:52.586,unicast message '164' received from 2D:C8,4000000
164,"20180516,23:22:53.577,sent packet '165'","20180516,23:22:53.582,unicast message '165' received from 2D:C8",20180516,23:22:53.577,sent packet '165',20180516,23:22:53.582,unicast message '165' received from 2D:C8,5000000
165,"20180516,23:22:54.574,sent packet '166'","20180516,23:22:54.579,unicast message '166' received from 2D:C8",20180516,23:22:54.574,sent packet '166',20180516,23:22:54.579,unicast message '166' received from 2D:C8,5000000
166,"20180516,23:22:55.570,sent packet '167'","20180516,23:22:55.575,unicast message '167' received from 2D:C8",20180516,23:22:55.570,sent packet '167',20180516,23:22:55.575,unicast message '167' received from 2D:C8,5000000
167,"20180516,23:22:56.567,sent packet '168'","20180516,23:22:56.571,unicast message '168' received from 2D:C8",20180516,23:22:56.567,sent packet '168',20180516,23:22:56.571,unicast message '168' received from 2D:C8,4000000
168,"20180516,23:22:57.563,sent packet '169'","20180516,23:22:57.568,unicast message '169' received from 2D:C8",20180516,23:22:57.563,sent packet '169',20180516,23:22:57.568,unicast message '169' received from 2D:C8,5000000
169,"20180516,23:22:58.560,sent packet '170'","20180516,23:22:58.564,unicast message '170' received from 2D:C8",20180516,23:22:58.560,sent packet '170',20180516,23:22:58.564,unicast message '170' received from 2D:C8,4000000
170,"20180516,23:22:59.556,sent packet '171'","20180516,23:22:59.561,unicast message '171' received from 2D:C8",20180516,23:22:59.556,sent packet '171',20180516,23:22:59.561,unicast message '171' received from 2D:C8,5000000
171,"20180516,23:23:00.553,sent packet '172'","20180516,23:23:00.558,unicast message '172' received from 2D:C8",20180516,23:23:00.553,sent packet '172',20180516,23:23:00.558,unicast message '172' received from 2D:C8,5000000
172,"20180516,23:23:01.549,sent packet '173'","20180516,23:23:01.554,unicast message '173' received from 2D:C8",20180516,23:23:01.549,sent packet '173',20180516,23:23:01.554,unicast message '173' received from 2D:C8,5000000
173,"20180516,23:23:02.546,sent packet '174'","20180516,23:23:02.551,unicast message '174' received from 2D:C8",20180516,23:23:02.546,sent packet '174',20180516,23:23:02.551,unicast message '174' received from 2D:C8,5000000
174,"20180516,23:23:03.542,sent packet '175'","20180516,23:23:03.547,unicast message '175' received from 2D:C8",20180516,23:23:03.542,sent packet '175',20180516,23:23:03.547,unicast message '175' received from 2D:C8,5000000
175,"20180516,23:23:04.539,sent packet '176'","20180516,23:23:04.545,unicast message '176' received from 2D:C8",20180516,23:23:04.539,sent packet '176',20180516,23:23:04.545,unicast message '176' received from 2D:C8,6000000
176,"20180516,23:23:05.535,sent packet '177'","20180516,23:23:05.539,unicast message '177' received from 2D:C8",20180516,23:23:05.535,sent packet '177',20180516,23:23:05.539,unicast message '177' received from 2D:C8,4000000
177,"20180516,23:23:06.532,sent packet '178'","20180516,23:23:06.537,unicast message '178' received from 2D:C8",20180516,23:23:06.532,sent packet '178',20180516,23:23:06.537,unicast message '178' received from 2D:C8,5000000
178,"20180516,23:23:07.528,sent packet '179'","20180516,23:23:07.533,unicast message '179' received from 2D:C8",20180516,23:23:07.528,sent packet '179',20180516,23:23:07.533,unicast message '179' received from 2D:C8,5000000
179,"20180516,23:23:08.525,sent packet '180'","20180516,23:23:08.530,unicast message '180' received from 2D:C8",20180516,23:23:08.525,sent packet '180',20180516,23:23:08.530,unicast message '180' received from 2D:C8,5000000
180,"20180516,23:23:09.522,sent packet '181'","20180516,23:23:09.526,unicast message '181' received from 2D:C8",20180516,23:23:09.522,sent packet '181',20180516,23:23:09.526,unicast message '181' received from 2D:C8,4000000
181,"20180516,23:23:10.518,sent packet '182'","20180516,23:23:10.522,unicast message '182' received from 2D:C8",20180516,23:23:10.518,sent packet '182',20180516,23:23:10.522,unicast message '182' received from 2D:C8,4000000
182,"20180516,23:23:11.514,sent packet '183'","20180516,23:23:11.519,unicast message '183' received from 2D:C8",20180516,23:23:11.514,sent packet '183',20180516,23:23:11.519,unicast message '183' received from 2D:C8,5000000
183,"20180516,23:23:12.511,sent packet '184'","20180516,23:23:12.515,unicast message '184' received from 2D:C8",20180516,23:23:12.511,sent packet '184',20180516,23:23:12.515,unicast message '184' received from 2D:C8,4000000
184,"20180516,23:23:13.507,sent packet '185'","20180516,23:23:13.512,unicast message '185' received from 2D:C8",20180516,23:23:13.507,sent packet '185',20180516,23:23:13.512,unicast message '185' received from 2D:C8,5000000
185,"20180516,23:23:14.504,sent packet '186'","20180516,23:23:14.508,unicast message '186' received from 2D:C8",20180516,23:23:14.504,sent packet '186',20180516,23:23:14.508,unicast message '186' received from 2D:C8,4000000
186,"20180516,23:23:15.501,sent packet '187'","20180516,23:23:15.505,unicast message '187' received from 2D:C8",20180516,23:23:15.501,sent packet '187',20180516,23:23:15.505,unicast message '187' received from 2D:C8,4000000
187,"20180516,23:23:16.497,sent packet '188'","20180516,23:23:16.502,unicast message '188' received from 2D:C8",20180516,23:23:16.497,sent packet '188',20180516,23:23:16.502,unicast message '188' received from 2D:C8,5000000
188,"20180516,23:23:17.494,sent packet '189'","20180516,23:23:17.498,unicast message '189' received from 2D:C8",20180516,23:23:17.494,sent packet '189',20180516,23:23:17.498,unicast message '189' received from 2D:C8,4000000
189,"20180516,23:23:18.490,sent packet '190'","20180516,23:23:18.495,unicast message '190' received from 2D:C8",20180516,23:23:18.490,sent packet '190',20180516,23:23:18.495,unicast message '190' received from 2D:C8,5000000
190,"20180516,23:23:19.486,sent packet '191'","20180516,23:23:19.491,unicast message '191' received from 2D:C8",20180516,23:23:19.486,sent packet '191',20180516,23:23:19.491,unicast message '191' received from 2D:C8,5000000
191,"20180516,23:23:20.483,sent packet '192'","20180516,23:23:20.488,unicast message '192' received from 2D:C8",20180516,23:23:20.483,sent packet '192',20180516,23:23:20.488,unicast message '192' received from 2D:C8,5000000
192,"20180516,23:23:21.480,sent packet '193'","20180516,23:23:21.484,unicast message '193' received from 2D:C8",20180516,23:23:21.480,sent packet '193',20180516,23:23:21.484,unicast message '193' received from 2D:C8,4000000
193,"20180516,23:23:22.476,sent packet '194'","20180516,23:23:22.481,unicast message '194' received from 2D:C8",20180516,23:23:22.476,sent packet '194',20180516,23:23:22.481,unicast message '194' received from 2D:C8,5000000
194,"20180516,23:23:23.473,sent packet '195'","20180516,23:23:23.478,unicast message '195' received from 2D:C8",20180516,23:23:23.473,sent packet '195',20180516,23:23:23.478,unicast message '195' received from 2D:C8,5000000
195,"20180516,23:23:24.469,sent packet '196'","20180516,23:23:24.474,unicast message '196' received from 2D:C8",20180516,23:23:24.469,sent packet '196',20180516,23:23:24.474,unicast message '196' received from 2D:C8,5000000
196,"20180516,23:23:25.466,sent packet '197'","20180516,23:23:25.471,unicast message '197' received from 2D:C8",20180516,23:23:25.466,sent packet '197',20180516,23:23:25.471,unicast message '197' received from 2D:C8,5000000
197,"20180516,23:23:26.462,sent packet '198'","20180516,23:23:26.467,unicast message '198' received from 2D:C8",20180516,23:23:26.462,sent packet '198',20180516,23:23:26.467,unicast message '198' received from 2D:C8,5000000
198,"20180516,23:23:27.459,sent packet '199'","20180516,23:23:27.464,unicast message '199' received from 2D:C8",20180516,23:23:27.459,sent packet '199',20180516,23:23:27.464,unicast message '199' received from 2D:C8,5000000
199,"20180516,23:23:28.455,sent packet '200'","20180516,23:23:28.460,unicast message '200' received from 2D:C8",20180516,23:23:28.455,sent packet '200',20180516,23:23:28.460,unicast message '200' received from 2D:C8,5000000
200,"20180516,23:23:29.452,sent packet '201'","20180516,23:23:29.456,unicast message '201' received from 2D:C8",20180516,23:23:29.452,sent packet '201',20180516,23:23:29.456,unicast message '201' received from 2D:C8,4000000
201,"20180516,23:23:30.449,sent packet '202'","20180516,23:23:30.453,unicast message '202' received from 2D:C8",20180516,23:23:30.449,sent packet '202',20180516,23:23:30.453,unicast message '202' received from 2D:C8,4000000
202,"20180516,23:23:31.445,sent packet '203'","20180516,23:23:31.449,unicast message '203' received from 2D:C8",20180516,23:23:31.445,sent packet '203',20180516,23:23:31.449,unicast message '203' received from 2D:C8,4000000
203,"20180516,23:23:32.441,sent packet '204'","20180516,23:23:32.446,unicast message '204' received from 2D:C8",20180516,23:23:32.441,sent packet '204',20180516,23:23:32.446,unicast message '204' received from 2D:C8,5000000
204,"20180516,23:23:33.438,sent packet '205'","20180516,23:23:33.444,unicast message '205' received from 2D:C8",20180516,23:23:33.438,sent packet '205',20180516,23:23:33.444,unicast message '205' received from 2D:C8,6000000
205,"20180516,23:23:34.434,sent packet '206'","20180516,23:23:34.439,unicast message '206' received from 2D:C8",20180516,23:23:34.434,sent packet '206',20180516,23:23:34.439,unicast message '206' received from 2D:C8,5000000
206,"20180516,23:23:35.431,sent packet '207'","20180516,23:23:35.436,unicast message '207' received from 2D:C8",20180516,23:23:35.431,sent packet '207',20180516,23:23:35.436,unicast message '207' received from 2D:C8,5000000
207,"20180516,23:23:36.428,sent packet '208'","20180516,23:23:36.432,unicast message '208' received from 2D:C8",20180516,23:23:36.428,sent packet '208',20180516,23:23:36.432,unicast message '208' received from 2D:C8,4000000
208,"20180516,23:23:37.424,sent packet '209'","20180516,23:23:37.429,unicast message '209' received from 2D:C8",20180516,23:23:37.424,sent packet '209',20180516,23:23:37.429,unicast message '209' received from 2D:C8,5000000
209,"20180516,23:23:38.420,sent packet '210'","20180516,23:23:38.425,unicast message '210' received from 2D:C8",20180516,23:23:38.420,sent packet '210',20180516,23:23:38.425,unicast message '210' received from 2D:C8,5000000
210,"20180516,23:23:39.417,sent packet '211'","20180516,23:23:39.422,unicast message '211' received from 2D:C8",20180516,23:23:39.417,sent packet '211',20180516,23:23:39.422,unicast message '211' received from 2D:C8,5000000
211,"20180516,23:23:40.414,sent packet '212'","20180516,23:23:40.418,unicast message '212' received from 2D:C8",20180516,23:23:40.414,sent packet '212',20180516,23:23:40.418,unicast message '212' received from 2D:C8,4000000
212,"20180516,23:23:41.410,sent packet '213'","20180516,23:23:41.415,unicast message '213' received from 2D:C8",20180516,23:23:41.410,sent packet '213',20180516,23:23:41.415,unicast message '213' received from 2D:C8,5000000
213,"20180516,23:23:42.407,sent packet '214'","20180516,23:23:42.411,unicast message '214' received from 2D:C8",20180516,23:23:42.407,sent packet '214',20180516,23:23:42.411,unicast message '214' received from 2D:C8,4000000
214,"20180516,23:23:43.403,sent packet '215'","20180516,23:23:43.408,unicast message '215' received from 2D:C8",20180516,23:23:43.403,sent packet '215',20180516,23:23:43.408,unicast message '215' received from 2D:C8,5000000
215,"20180516,23:23:44.400,sent packet '216'","20180516,23:23:44.405,unicast message '216' received from 2D:C8",20180516,23:23:44.400,sent packet '216',20180516,23:23:44.405,unicast message '216' received from 2D:C8,5000000
216,"20180516,23:23:45.397,sent packet '217'","20180516,23:23:45.401,unicast message '217' received from 2D:C8",20180516,23:23:45.397,sent packet '217',20180516,23:23:45.401,unicast message '217' received from 2D:C8,4000000
217,"20180516,23:23:46.393,sent packet '218'","20180516,23:23:46.397,unicast message '218' received from 2D:C8",20180516,23:23:46.393,sent packet '218',20180516,23:23:46.397,unicast message '218' received from 2D:C8,4000000
218,"20180516,23:23:47.389,sent packet '219'","20180516,23:23:47.397,unicast message '219' received from 2D:C8",20180516,23:23:47.389,sent packet '219',20180516,23:23:47.397,unicast message '219' received from 2D:C8,8000000
219,"20180516,23:23:48.387,sent packet '220'","20180516,23:23:48.391,unicast message '220' received from 2D:C8",20180516,23:23:48.387,sent packet '220',20180516,23:23:48.391,unicast message '220' received from 2D:C8,4000000
220,"20180516,23:23:49.382,sent packet '221'","20180516,23:23:49.387,unicast message '221' received from 2D:C8",20180516,23:23:49.382,sent packet '221',20180516,23:23:49.387,unicast message '221' received from 2D:C8,5000000
221,"20180516,23:23:50.380,sent packet '222'","20180516,23:23:50.384,unicast message '222' received from 2D:C8",20180516,23:23:50.380,sent packet '222',20180516,23:23:50.384,unicast message '222' received from 2D:C8,4000000
222,"20180516,23:23:51.376,sent packet '223'","20180516,23:23:51.380,unicast message '223' received from 2D:C8",20180516,23:23:51.376,sent packet '223',20180516,23:23:51.380,unicast message '223' received from 2D:C8,4000000
223,"20180516,23:23:52.372,sent packet '224'","20180516,23:23:52.376,unicast message '224' received from 2D:C8",20180516,23:23:52.372,sent packet '224',20180516,23:23:52.376,unicast message '224' received from 2D:C8,4000000
224,"20180516,23:23:53.369,sent packet '225'","20180516,23:23:53.373,unicast message '225' received from 2D:C8",20180516,23:23:53.369,sent packet '225',20180516,23:23:53.373,unicast message '225' received from 2D:C8,4000000
225,"20180516,23:23:54.365,sent packet '226'","20180516,23:23:54.369,unicast message '226' received from 2D:C8",20180516,23:23:54.365,sent packet '226',20180516,23:23:54.369,unicast message '226' received from 2D:C8,4000000
226,"20180516,23:23:55.362,sent packet '227'","20180516,23:23:55.369,unicast message '227' received from 2D:C8",20180516,23:23:55.362,sent packet '227',20180516,23:23:55.369,unicast message '227' received from 2D:C8,7000000
227,"20180516,23:23:56.358,sent packet '228'","20180516,23:23:56.363,unicast message '228' received from 2D:C8",20180516,23:23:56.358,sent packet '228',20180516,23:23:56.363,unicast message '228' received from 2D:C8,5000000
228,"20180516,23:23:57.355,sent packet '229'","20180516,23:23:57.359,unicast message '229' received from 2D:C8",20180516,23:23:57.355,sent packet '229',20180516,23:23:57.359,unicast message '229' received from 2D:C8,4000000
229,"20180516,23:23:58.352,sent packet '230'","20180516,23:23:58.356,unicast message '230' received from 2D:C8",20180516,23:23:58.352,sent packet '230',20180516,23:23:58.356,unicast message '230' received from 2D:C8,4000000
230,"20180516,23:23:59.348,sent packet '231'","20180516,23:23:59.352,unicast message '231' received from 2D:C8",20180516,23:23:59.348,sent packet '231',20180516,23:23:59.352,unicast message '231' received from 2D:C8,4000000
231,"20180516,23:24:00.344,sent packet '232'","20180516,23:24:00.349,unicast message '232' received from 2D:C8",20180516,23:24:00.344,sent packet '232',20180516,23:24:00.349,unicast message '232' received from 2D:C8,5000000
232,"20180516,23:24:01.340,sent packet '233'","20180516,23:24:01.345,unicast message '233' received from 2D:C8",20180516,23:24:01.340,sent packet '233',20180516,23:24:01.345,unicast message '233' received from 2D:C8,5000000
233,"20180516,23:24:02.337,sent packet '234'","20180516,23:24:02.342,unicast message '234' received from 2D:C8",20180516,23:24:02.337,sent packet '234',20180516,23:24:02.342,unicast message '234' received from 2D:C8,5000000
234,"20180516,23:24:03.333,sent packet '235'","20180516,23:24:03.338,unicast message '235' received from 2D:C8",20180516,23:24:03.333,sent packet '235',20180516,23:24:03.338,unicast message '235' received from 2D:C8,5000000
235,"20180516,23:24:04.330,sent packet '236'","20180516,23:24:04.335,unicast message '236' received from 2D:C8",20180516,23:24:04.330,sent packet '236',20180516,23:24:04.335,unicast message '236' received from 2D:C8,5000000
236,"20180516,23:24:05.327,sent packet '237'","20180516,23:24:05.331,unicast message '237' received from 2D:C8",20180516,23:24:05.327,sent packet '237',20180516,23:24:05.331,unicast message '237' received from 2D:C8,4000000
237,"20180516,23:24:06.323,sent packet '238'","20180516,23:24:06.328,unicast message '238' received from 2D:C8",20180516,23:24:06.323,sent packet '238',20180516,23:24:06.328,unicast message '238' received from 2D:C8,5000000
238,"20180516,23:24:07.320,sent packet '239'","20180516,23:24:07.324,unicast message '239' received from 2D:C8",20180516,23:24:07.320,sent packet '239',20180516,23:24:07.324,unicast message '239' received from 2D:C8,4000000
239,"20180516,23:24:08.316,sent packet '240'","20180516,23:24:08.321,unicast message '240' received from 2D:C8",20180516,23:24:08.316,sent packet '240',20180516,23:24:08.321,unicast message '240' received from 2D:C8,5000000
240,"20180516,23:24:09.313,sent packet '241'","20180516,23:24:09.318,unicast message '241' received from 2D:C8",20180516,23:24:09.313,sent packet '241',20180516,23:24:09.318,unicast message '241' received from 2D:C8,5000000
241,"20180516,23:24:10.309,sent packet '242'","20180516,23:24:10.314,unicast message '242' received from 2D:C8",20180516,23:24:10.309,sent packet '242',20180516,23:24:10.314,unicast message '242' received from 2D:C8,5000000
242,"20180516,23:24:11.306,sent packet '243'","20180516,23:24:11.310,unicast message '243' received from 2D:C8",20180516,23:24:11.306,sent packet '243',20180516,23:24:11.310,unicast message '243' received from 2D:C8,4000000
243,"20180516,23:24:12.302,sent packet '244'","20180516,23:24:12.307,unicast message '244' received from 2D:C8",20180516,23:24:12.302,sent packet '244',20180516,23:24:12.307,unicast message '244' received from 2D:C8,5000000
244,"20180516,23:24:13.299,sent packet '245'","20180516,23:24:13.304,unicast message '245' received from 2D:C8",20180516,23:24:13.299,sent packet '245',20180516,23:24:13.304,unicast message '245' received from 2D:C8,5000000
245,"20180516,23:24:14.296,sent packet '246'","20180516,23:24:14.302,unicast message '246' received from 2D:C8",20180516,23:24:14.296,sent packet '246',20180516,23:24:14.302,unicast message '246' received from 2D:C8,6000000
246,"20180516,23:24:15.292,sent packet '247'","20180516,23:24:15.297,unicast message '247' received from 2D:C8",20180516,23:24:15.292,sent packet '247',20180516,23:24:15.297,unicast message '247' received from 2D:C8,5000000
247,"20180516,23:24:16.288,sent packet '248'","20180516,23:24:16.293,unicast message '248' received from 2D:C8",20180516,23:24:16.288,sent packet '248',20180516,23:24:16.293,unicast message '248' received from 2D:C8,5000000
248,"20180516,23:24:17.285,sent packet '249'","20180516,23:24:17.290,unicast message '249' received from 2D:C8",20180516,23:24:17.285,sent packet '249',20180516,23:24:17.290,unicast message '249' received from 2D:C8,5000000
249,"20180516,23:24:18.282,sent packet '250'","20180516,23:24:18.286,unicast message '250' received from 2D:C8",20180516,23:24:18.282,sent packet '250',20180516,23:24:18.286,unicast message '250' received from 2D:C8,4000000
250,"20180516,23:24:19.279,sent packet '251'","20180516,23:24:19.283,unicast message '251' received from 2D:C8",20180516,23:24:19.279,sent packet '251',20180516,23:24:19.283,unicast message '251' received from 2D:C8,4000000
251,"20180516,23:24:20.274,sent packet '252'","20180516,23:24:20.279,unicast message '252' received from 2D:C8",20180516,23:24:20.274,sent packet '252',20180516,23:24:20.279,unicast message '252' received from 2D:C8,5000000
252,"20180516,23:24:21.271,sent packet '253'","20180516,23:24:21.276,unicast message '253' received from 2D:C8",20180516,23:24:21.271,sent packet '253',20180516,23:24:21.276,unicast message '253' received from 2D:C8,5000000
253,"20180516,23:24:22.267,sent packet '254'","20180516,23:24:22.272,unicast message '254' received from 2D:C8",20180516,23:24:22.267,sent packet '254',20180516,23:24:22.272,unicast message '254' received from 2D:C8,5000000
254,"20180516,23:24:23.264,sent packet '255'","20180516,23:24:23.269,unicast message '255' received from 2D:C8",20180516,23:24:23.264,sent packet '255',20180516,23:24:23.269,unicast message '255' received from 2D:C8,5000000
255,"20180516,23:24:24.261,sent packet '256'","20180516,23:24:24.265,unicast message '0' received from 2D:C8",20180516,23:24:24.261,sent packet '256',20180516,23:24:24.265,unicast message '0' received from 2D:C8,4000000
256,"20180516,23:24:25.258,sent packet '257'","20180516,23:24:25.262,unicast message '1' received from 2D:C8",20180516,23:24:25.258,sent packet '257',20180516,23:24:25.262,unicast message '1' received from 2D:C8,4000000
257,"20180516,23:24:26.254,sent packet '258'","20180516,23:24:26.258,unicast message '2' received from 2D:C8",20180516,23:24:26.254,sent packet '258',20180516,23:24:26.258,unicast message '2' received from 2D:C8,4000000
258,"20180516,23:24:27.250,sent packet '259'","20180516,23:24:27.254,unicast message '3' received from 2D:C8",20180516,23:24:27.250,sent packet '259',20180516,23:24:27.254,unicast message '3' received from 2D:C8,4000000
259,"20180516,23:24:28.247,sent packet '260'","20180516,23:24:28.251,unicast message '4' received from 2D:C8",20180516,23:24:28.247,sent packet '260',20180516,23:24:28.251,unicast message '4' received from 2D:C8,4000000
260,"20180516,23:24:29.243,sent packet '261'","20180516,23:24:29.247,unicast message '5' received from 2D:C8",20180516,23:24:29.243,sent packet '261',20180516,23:24:29.247,unicast message '5' received from 2D:C8,4000000
261,"20180516,23:24:30.240,sent packet '262'","20180516,23:24:30.244,unicast message '6' received from 2D:C8",20180516,23:24:30.240,sent packet '262',20180516,23:24:30.244,unicast message '6' received from 2D:C8,4000000
262,"20180516,23:24:31.236,sent packet '263'","20180516,23:24:31.241,unicast message '7' received from 2D:C8",20180516,23:24:31.236,sent packet '263',20180516,23:24:31.241,unicast message '7' received from 2D:C8,5000000
263,"20180516,23:24:32.233,sent packet '264'","20180516,23:24:32.237,unicast message '8' received from 2D:C8",20180516,23:24:32.233,sent packet '264',20180516,23:24:32.237,unicast message '8' received from 2D:C8,4000000
264,"20180516,23:24:33.229,sent packet '265'","20180516,23:24:33.234,unicast message '9' received from 2D:C8",20180516,23:24:33.229,sent packet '265',20180516,23:24:33.234,unicast message '9' received from 2D:C8,5000000
265,"20180516,23:24:34.225,sent packet '266'","20180516,23:24:34.230,unicast message '10' received from 2D:C8",20180516,23:24:34.225,sent packet '266',20180516,23:24:34.230,unicast message '10' received from 2D:C8,5000000
266,"20180516,23:24:35.222,sent packet '267'","20180516,23:24:35.227,unicast message '11' received from 2D:C8",20180516,23:24:35.222,sent packet '267',20180516,23:24:35.227,unicast message '11' received from 2D:C8,5000000
267,"20180516,23:24:36.219,sent packet '268'","20180516,23:24:36.223,unicast message '12' received from 2D:C8",20180516,23:24:36.219,sent packet '268',20180516,23:24:36.223,unicast message '12' received from 2D:C8,4000000
268,"20180516,23:24:37.215,sent packet '269'","20180516,23:24:37.220,unicast message '13' received from 2D:C8",20180516,23:24:37.215,sent packet '269',20180516,23:24:37.220,unicast message '13' received from 2D:C8,5000000
269,"20180516,23:24:38.212,sent packet '270'","20180516,23:24:38.216,unicast message '14' received from 2D:C8",20180516,23:24:38.212,sent packet '270',20180516,23:24:38.216,unicast message '14' received from 2D:C8,4000000
270,"20180516,23:24:39.209,sent packet '271'","20180516,23:24:39.213,unicast message '15' received from 2D:C8",20180516,23:24:39.209,sent packet '271',20180516,23:24:39.213,unicast message '15' received from 2D:C8,4000000
271,"20180516,23:24:40.205,sent packet '272'","20180516,23:24:40.210,unicast message '16' received from 2D:C8",20180516,23:24:40.205,sent packet '272',20180516,23:24:40.210,unicast message '16' received from 2D:C8,5000000
272,"20180516,23:24:41.201,sent packet '273'","20180516,23:24:41.206,unicast message '17' received from 2D:C8",20180516,23:24:41.201,sent packet '273',20180516,23:24:41.206,unicast message '17' received from 2D:C8,5000000
273,"20180516,23:24:42.198,sent packet '274'","20180516,23:24:42.203,unicast message '18' received from 2D:C8",20180516,23:24:42.198,sent packet '274',20180516,23:24:42.203,unicast message '18' received from 2D:C8,5000000
274,"20180516,23:24:43.195,sent packet '275'","20180516,23:24:43.199,unicast message '19' received from 2D:C8",20180516,23:24:43.195,sent packet '275',20180516,23:24:43.199,unicast message '19' received from 2D:C8,4000000
275,"20180516,23:24:44.191,sent packet '276'","20180516,23:24:44.195,unicast message '20' received from 2D:C8",20180516,23:24:44.191,sent packet '276',20180516,23:24:44.195,unicast message '20' received from 2D:C8,4000000
276,"20180516,23:24:45.188,sent packet '277'","20180516,23:24:45.193,unicast message '21' received from 2D:C8",20180516,23:24:45.188,sent packet '277',20180516,23:24:45.193,unicast message '21' received from 2D:C8,5000000
277,"20180516,23:24:46.184,sent packet '278'","20180516,23:24:46.188,unicast message '22' received from 2D:C8",20180516,23:24:46.184,sent packet '278',20180516,23:24:46.188,unicast message '22' received from 2D:C8,4000000
278,"20180516,23:24:47.180,sent packet '279'","20180516,23:24:47.185,unicast message '23' received from 2D:C8",20180516,23:24:47.180,sent packet '279',20180516,23:24:47.185,unicast message '23' received from 2D:C8,5000000
279,"20180516,23:24:48.177,sent packet '280'","20180516,23:24:48.182,unicast message '24' received from 2D:C8",20180516,23:24:48.177,sent packet '280',20180516,23:24:48.182,unicast message '24' received from 2D:C8,5000000
280,"20180516,23:24:49.174,sent packet '281'","20180516,23:24:49.179,unicast message '25' received from 2D:C8",20180516,23:24:49.174,sent packet '281',20180516,23:24:49.179,unicast message '25' received from 2D:C8,5000000
281,"20180516,23:24:50.170,sent packet '282'","20180516,23:24:50.175,unicast message '26' received from 2D:C8",20180516,23:24:50.170,sent packet '282',20180516,23:24:50.175,unicast message '26' received from 2D:C8,5000000
282,"20180516,23:24:51.167,sent packet '283'","20180516,23:24:51.172,unicast message '27' received from 2D:C8",20180516,23:24:51.167,sent packet '283',20180516,23:24:51.172,unicast message '27' received from 2D:C8,5000000
283,"20180516,23:24:52.163,sent packet '284'","20180516,23:24:52.171,unicast message '28' received from 2D:C8",20180516,23:24:52.163,sent packet '284',20180516,23:24:52.171,unicast message '28' received from 2D:C8,8000000
284,"20180516,23:24:53.160,sent packet '285'","20180516,23:24:53.164,unicast message '29' received from 2D:C8",20180516,23:24:53.160,sent packet '285',20180516,23:24:53.164,unicast message '29' received from 2D:C8,4000000
285,"20180516,23:24:54.156,sent packet '286'","20180516,23:24:54.161,unicast message '30' received from 2D:C8",20180516,23:24:54.156,sent packet '286',20180516,23:24:54.161,unicast message '30' received from 2D:C8,5000000
286,"20180516,23:24:55.153,sent packet '287'","20180516,23:24:55.157,unicast message '31' received from 2D:C8",20180516,23:24:55.153,sent packet '287',20180516,23:24:55.157,unicast message '31' received from 2D:C8,4000000
287,"20180516,23:24:56.149,sent packet '288'","20180516,23:24:56.153,unicast message '32' received from 2D:C8",20180516,23:24:56.149,sent packet '288',20180516,23:24:56.153,unicast message '32' received from 2D:C8,4000000
288,"20180516,23:24:57.146,sent packet '289'","20180516,23:24:57.150,unicast message '33' received from 2D:C8",20180516,23:24:57.146,sent packet '289',20180516,23:24:57.150,unicast message '33' received from 2D:C8,4000000
289,"20180516,23:24:58.142,sent packet '290'","20180516,23:24:58.147,unicast message '34' received from 2D:C8",20180516,23:24:58.142,sent packet '290',20180516,23:24:58.147,unicast message '34' received from 2D:C8,5000000
290,"20180516,23:24:59.139,sent packet '291'","20180516,23:24:59.143,unicast message '35' received from 2D:C8",20180516,23:24:59.139,sent packet '291',20180516,23:24:59.143,unicast message '35' received from 2D:C8,4000000
291,"20180516,23:25:00.135,sent packet '292'","20180516,23:25:00.139,unicast message '36' received from 2D:C8",20180516,23:25:00.135,sent packet '292',20180516,23:25:00.139,unicast message '36' received from 2D:C8,4000000
292,"20180516,23:25:01.132,sent packet '293'","20180516,23:25:01.136,unicast message '37' received from 2D:C8",20180516,23:25:01.132,sent packet '293',20180516,23:25:01.136,unicast message '37' received from 2D:C8,4000000
293,"20180516,23:25:02.129,sent packet '294'","20180516,23:25:02.133,unicast message '38' received from 2D:C8",20180516,23:25:02.129,sent packet '294',20180516,23:25:02.133,unicast message '38' received from 2D:C8,4000000
294,"20180516,23:25:03.125,sent packet '295'","20180516,23:25:03.129,unicast message '39' received from 2D:C8",20180516,23:25:03.125,sent packet '295',20180516,23:25:03.129,unicast message '39' received from 2D:C8,4000000
295,"20180516,23:25:04.121,sent packet '296'","20180516,23:25:04.126,unicast message '40' received from 2D:C8",20180516,23:25:04.121,sent packet '296',20180516,23:25:04.126,unicast message '40' received from 2D:C8,5000000
296,"20180516,23:25:05.118,sent packet '297'","20180516,23:25:05.123,unicast message '41' received from 2D:C8",20180516,23:25:05.118,sent packet '297',20180516,23:25:05.123,unicast message '41' received from 2D:C8,5000000
297,"20180516,23:25:06.114,sent packet '298'","20180516,23:25:06.120,unicast message '42' received from 2D:C8",20180516,23:25:06.114,sent packet '298',20180516,23:25:06.120,unicast message '42' received from 2D:C8,6000000
298,"20180516,23:25:07.111,sent packet '299'","20180516,23:25:07.116,unicast message '43' received from 2D:C8",20180516,23:25:07.111,sent packet '299',20180516,23:25:07.116,unicast message '43' received from 2D:C8,5000000
299,"20180516,23:25:08.108,sent packet '300'","20180516,23:25:08.113,unicast message '44' received from 2D:C8",20180516,23:25:08.108,sent packet '300',20180516,23:25:08.113,unicast message '44' received from 2D:C8,5000000
